e1_end_chr,e1_start_chr,e1_text,e1_typ,e2_end_chr,e2_start_chr,e2_text,e2_typ,id,rel_typ
1343,1338,IL-17,CYTOKINE,1296,1291,Vγ4 T,IMMUNE_CELL_TYPE,PMC4451961,Secretion
1465,1460,IL-17,CYTOKINE,1296,1291,Vγ4 T,IMMUNE_CELL_TYPE,PMC4451961,Secretion
1908,1903,IL-17,CYTOKINE,1855,1850,Vγ4 T,IMMUNE_CELL_TYPE,PMC4451961,Secretion
3737,3730,(IFN)-γ,CYTOKINE,3829,3825,γδ T,IMMUNE_CELL_TYPE,PMC4451961,Secretion
3761,3754,(IL)-17,CYTOKINE,3829,3825,γδ T,IMMUNE_CELL_TYPE,PMC4451961,Secretion
3916,3911,IL-17,CYTOKINE,3850,3845,Vγ4 T,IMMUNE_CELL_TYPE,PMC4451961,Secretion
4171,4166,IL-17,CYTOKINE,4085,4081,γδ T,IMMUNE_CELL_TYPE,PMC4451961,Secretion
4599,4594,IL-17,CYTOKINE,4492,4487,Vγ4 T,IMMUNE_CELL_TYPE,PMC4451961,Secretion
2060,2055,FoxP3,TRANSCRIPTION_FACTOR,1991,1987,Treg,IMMUNE_CELL_TYPE,PMC3854702,Differentiation
2070,2065,T-bet,TRANSCRIPTION_FACTOR,1991,1987,Treg,IMMUNE_CELL_TYPE,PMC3854702,Differentiation
2060,2055,FoxP3,TRANSCRIPTION_FACTOR,1999,1996,Th1,IMMUNE_CELL_TYPE,PMC3854702,Differentiation
2070,2065,T-bet,TRANSCRIPTION_FACTOR,1999,1996,Th1,IMMUNE_CELL_TYPE,PMC3854702,Differentiation
2130,2125,TNF-α,CYTOKINE,2176,2158,activated NK cells,IMMUNE_CELL_TYPE,PMC3854702,Secretion
210,205,RORγt,TRANSCRIPTION_FACTOR,238,234,TH17,IMMUNE_CELL_TYPE,PMC4474185,Differentiation
176,143,RAR-related orphan receptor gamma,TRANSCRIPTION_FACTOR,238,234,TH17,IMMUNE_CELL_TYPE,PMC4474185,Differentiation
141,137,RORγ,TRANSCRIPTION_FACTOR,238,234,TH17,IMMUNE_CELL_TYPE,PMC4474185,Differentiation
320,316,IL17,CYTOKINE,238,234,TH17,IMMUNE_CELL_TYPE,PMC4474185,Secretion
1669,1665,IFNγ,CYTOKINE,1577,1574,TH1,IMMUNE_CELL_TYPE,PMC4474185,Secretion
2653,2649,IL-6,CYTOKINE,2664,2661,Th2,IMMUNE_CELL_TYPE,PMC2193209,Induction
2645,2641,IL-4,CYTOKINE,2664,2661,Th2,IMMUNE_CELL_TYPE,PMC2193209,Induction
2724,2719,IL-12,CYTOKINE,2735,2732,Th1,IMMUNE_CELL_TYPE,PMC2193209,Induction
2715,2710,IFN-γ,CYTOKINE,2735,2732,Th1,IMMUNE_CELL_TYPE,PMC2193209,Induction
2783,2779,IL-4,CYTOKINE,2824,2806,NK1.1+ CD4 T cells,IMMUNE_CELL_TYPE,PMC2193209,Secretion
2783,2779,IL-4,CYTOKINE,2848,2831,naive CD4 T cells,IMMUNE_CELL_TYPE,PMC2193209,Secretion
2925,2920,IFN-γ,CYTOKINE,2941,2933,NK cells,IMMUNE_CELL_TYPE,PMC2193209,Secretion
2925,2920,IFN-γ,CYTOKINE,2954,2943,CD8 T cells,IMMUNE_CELL_TYPE,PMC2193209,Secretion
2925,2920,IFN-γ,CYTOKINE,2976,2959,naive CD4 T cells,IMMUNE_CELL_TYPE,PMC2193209,Secretion
3004,2999,IL-12,CYTOKINE,3019,3015,APCs,IMMUNE_CELL_TYPE,PMC2193209,Secretion
4714,4709,IL-10,CYTOKINE,4635,4632,TH1,IMMUNE_CELL_TYPE,PMC5343661,Secretion
4960,4955,IL-21,CYTOKINE,4947,4944,Tfh,IMMUNE_CELL_TYPE,PMC5429091,Secretion
3430,3423,Blimp-1,TRANSCRIPTION_FACTOR,3543,3522,CD8+ effector T cells,IMMUNE_CELL_TYPE,PMC5578684,Differentiation
994,990,IFNγ,CYTOKINE,1001,998,Th1,IMMUNE_CELL_TYPE,PMC4552951,Secretion
1347,1343,IL-4,CYTOKINE,1332,1329,Th2,IMMUNE_CELL_TYPE,PMC4552951,Secretion
1405,1400,IL4I1,CYTOKINE,1379,1375,Th17,IMMUNE_CELL_TYPE,PMC4552951,Secretion
633,628,TGF-β,CYTOKINE,624,619,iTreg,IMMUNE_CELL_TYPE,PMC5519767,Induction
1581,1576,Foxp3,TRANSCRIPTION_FACTOR,1669,1657,regulatory T,IMMUNE_CELL_TYPE,PMC5519767,Differentiation
1805,1800,TGF-β,CYTOKINE,1782,1768,inducible Treg,IMMUNE_CELL_TYPE,PMC5519767,Induction
1805,1800,TGF-β,CYTOKINE,1795,1790,iTreg,IMMUNE_CELL_TYPE,PMC5519767,Induction
1805,1800,TGF-β,CYTOKINE,1850,1845,iTreg,IMMUNE_CELL_TYPE,PMC5519767,Induction
2092,2088,IL-6,CYTOKINE,2105,2101,Th17,IMMUNE_CELL_TYPE,PMC5519767,Induction
2151,2146,TGF-β,CYTOKINE,2105,2101,Th17,IMMUNE_CELL_TYPE,PMC5519767,Induction
4150,4145,TGF-β,CYTOKINE,4125,4120,iTreg,IMMUNE_CELL_TYPE,PMC5519767,Induction
4504,4499,TGF-β,CYTOKINE,4517,4513,Treg,IMMUNE_CELL_TYPE,PMC5519767,Induction
1278,1274,IL-4,CYTOKINE,1224,1215,thymocyte,IMMUNE_CELL_TYPE,PMC5052263,Secretion
1404,1399,IFN-γ,CYTOKINE,1336,1318,CD8+ T lymphocytes,IMMUNE_CELL_TYPE,PMC5052263,Secretion
1413,1409,IL-2,CYTOKINE,1336,1318,CD8+ T lymphocytes,IMMUNE_CELL_TYPE,PMC5052263,Secretion
1790,1785,IFN-γ,CYTOKINE,1827,1805,cytotoxic CD8+ T cells,IMMUNE_CELL_TYPE,PMC5052263,Secretion
3224,3219,IL-12,CYTOKINE,3256,3235,effector CD8+ T cells,IMMUNE_CELL_TYPE,PMC5052263,Induction
4065,4060,IFN-γ,CYTOKINE,4031,4019,innate cells,IMMUNE_CELL_TYPE,PMC5052263,Secretion
4065,4060,IFN-γ,CYTOKINE,3958,3939,memory CD8+ T cells,IMMUNE_CELL_TYPE,PMC5052263,Secretion
928,915,interleukin-2,CYTOKINE,958,945,Jurkat T cell,IMMUNE_CELL_TYPE,PMC3323935,Secretion
2025,2021,IL-4,CYTOKINE,2009,2006,Th2,IMMUNE_CELL_TYPE,PMC5520220,Secretion
2031,2027,IL-5,CYTOKINE,2009,2006,Th2,IMMUNE_CELL_TYPE,PMC5520220,Secretion
2038,2033,IL-13,CYTOKINE,2009,2006,Th2,IMMUNE_CELL_TYPE,PMC5520220,Secretion
2158,2153,IFN-γ,CYTOKINE,2175,2172,Th1,IMMUNE_CELL_TYPE,PMC5520220,Secretion
2626,2621,IL-17,CYTOKINE,2577,2573,Th17,IMMUNE_CELL_TYPE,PMC5520220,Secretion
2632,2628,IL-6,CYTOKINE,2577,2573,Th17,IMMUNE_CELL_TYPE,PMC5520220,Secretion
2639,2634,TNF-α,CYTOKINE,2577,2573,Th17,IMMUNE_CELL_TYPE,PMC5520220,Secretion
2650,2645,IL-22,CYTOKINE,2577,2573,Th17,IMMUNE_CELL_TYPE,PMC5520220,Secretion
4378,4338,retinoic acid-related orphan receptor γt,TRANSCRIPTION_FACTOR,4421,4417,Th17,IMMUNE_CELL_TYPE,PMC5520220,Differentiation
414,409,Foxp3,TRANSCRIPTION_FACTOR,356,344,Regulatory T,IMMUNE_CELL_TYPE,PMC4151505,Differentiation
414,409,Foxp3,TRANSCRIPTION_FACTOR,362,358,Treg,IMMUNE_CELL_TYPE,PMC4151505,Differentiation
1738,1734,CCL4,CYTOKINE,1758,1755,Th1,IMMUNE_CELL_TYPE,PMC2805085,Induction
7,0,Blimp-1,TRANSCRIPTION_FACTOR,71,45,virus-specific CD8 T cells,IMMUNE_CELL_TYPE,PMC2783637,Differentiation
348,341,Blimp-1,TRANSCRIPTION_FACTOR,412,375,terminally differentiated CD8 T cells,IMMUNE_CELL_TYPE,PMC2783637,Differentiation
447,440,Blimp-1,TRANSCRIPTION_FACTOR,498,487,memory cell,IMMUNE_CELL_TYPE,PMC2783637,Differentiation
1058,1051,Blimp-1,TRANSCRIPTION_FACTOR,1174,1154,effector CD8 T cells,IMMUNE_CELL_TYPE,PMC2783637,Differentiation
1352,1348,IL-4,CYTOKINE,1379,1376,Th2,IMMUNE_CELL_TYPE,PMC4007342,Induction
967,963,IL-2,CYTOKINE,912,907,CD8 T,IMMUNE_CELL_TYPE,PMC4592272,Secretion
1333,1329,IL-2,CYTOKINE,1390,1385,CD8 T,IMMUNE_CELL_TYPE,PMC4592272,Induction
957,952,c-Maf,TRANSCRIPTION_FACTOR,881,878,Tr1,IMMUNE_CELL_TYPE,PMC4168117,Differentiation
967,962,IL-27,CYTOKINE,881,878,Tr1,IMMUNE_CELL_TYPE,PMC4168117,Induction
1968,1940,transforming growth factor-β,CYTOKINE,1869,1864,iTreg,IMMUNE_CELL_TYPE,PMC4168117,Induction
1975,1970,TGF-β,CYTOKINE,1869,1864,iTreg,IMMUNE_CELL_TYPE,PMC4168117,Induction
2046,2027,interleukin (IL)-10,CYTOKINE,1869,1864,iTreg,IMMUNE_CELL_TYPE,PMC4168117,Secretion
2056,2051,TGF-β,CYTOKINE,1869,1864,iTreg,IMMUNE_CELL_TYPE,PMC4168117,Secretion
2292,2287,c-Maf,TRANSCRIPTION_FACTOR,2186,2183,Tr1,IMMUNE_CELL_TYPE,PMC4168117,Differentiation
2301,2296,IL-27,CYTOKINE,2186,2183,Tr1,IMMUNE_CELL_TYPE,PMC4168117,Induction
2460,2455,IL-10,CYTOKINE,2366,2363,Tr1,IMMUNE_CELL_TYPE,PMC4168117,Secretion
2489,2473,interferon gamma,CYTOKINE,2366,2363,Tr1,IMMUNE_CELL_TYPE,PMC4168117,Secretion
2496,2491,IFN-γ,CYTOKINE,2366,2363,Tr1,IMMUNE_CELL_TYPE,PMC4168117,Secretion
75,71,RORα,TRANSCRIPTION_FACTOR,4,0,TH17,IMMUNE_CELL_TYPE,PMC2587175,Differentiation
84,80,RORγ,TRANSCRIPTION_FACTOR,4,0,TH17,IMMUNE_CELL_TYPE,PMC2587175,Differentiation
282,278,RORγ,TRANSCRIPTION_FACTOR,320,316,TH17,IMMUNE_CELL_TYPE,PMC2587175,Differentiation
531,527,TGFβ,CYTOKINE,441,437,TH17,IMMUNE_CELL_TYPE,PMC2587175,Induction
540,536,IL-6,CYTOKINE,441,437,TH17,IMMUNE_CELL_TYPE,PMC2587175,Induction
551,546,STAT3,TRANSCRIPTION_FACTOR,441,437,TH17,IMMUNE_CELL_TYPE,PMC2587175,Differentiation
593,589,RORα,TRANSCRIPTION_FACTOR,607,603,TH17,IMMUNE_CELL_TYPE,PMC2587175,Differentiation
659,654,IL-17,CYTOKINE,607,603,TH17,IMMUNE_CELL_TYPE,PMC2587175,Secretion
670,664,IL-17F,CYTOKINE,607,603,TH17,IMMUNE_CELL_TYPE,PMC2587175,Secretion
863,859,RORγ,TRANSCRIPTION_FACTOR,915,911,TH17,IMMUNE_CELL_TYPE,PMC2587175,Differentiation
854,850,RORα,TRANSCRIPTION_FACTOR,915,911,TH17,IMMUNE_CELL_TYPE,PMC2587175,Differentiation
960,956,RORα,TRANSCRIPTION_FACTOR,990,986,TH17,IMMUNE_CELL_TYPE,PMC2587175,Differentiation
969,965,RORγ,TRANSCRIPTION_FACTOR,990,986,TH17,IMMUNE_CELL_TYPE,PMC2587175,Differentiation
1145,1141,RORα,TRANSCRIPTION_FACTOR,1096,1092,TH17,IMMUNE_CELL_TYPE,PMC2587175,Differentiation
1154,1150,RORγ,TRANSCRIPTION_FACTOR,1096,1092,TH17,IMMUNE_CELL_TYPE,PMC2587175,Differentiation
699,694,IL-13,CYTOKINE,647,644,Th2,IMMUNE_CELL_TYPE,PMC5112176,Secretion
708,704,IL-4,CYTOKINE,647,644,Th2,IMMUNE_CELL_TYPE,PMC5112176,Secretion
932,928,IL-9,CYTOKINE,937,934,Th9,IMMUNE_CELL_TYPE,PMC5112176,Secretion
870,866,TL1A,CYTOKINE,937,934,Th9,IMMUNE_CELL_TYPE,PMC5112176,Induction
1051,1046,STAT5,TRANSCRIPTION_FACTOR,1009,1006,Th9,IMMUNE_CELL_TYPE,PMC5112176,Differentiation
1041,1037,IL-2,CYTOKINE,1009,1006,Th9,IMMUNE_CELL_TYPE,PMC5112176,Induction
996,992,TL1A,CYTOKINE,1009,1006,Th9,IMMUNE_CELL_TYPE,PMC5112176,Induction
1106,1102,OX40,CYTOKINE,1126,1123,Th9,IMMUNE_CELL_TYPE,PMC5112176,Induction
1139,1135,IL-4,CYTOKINE,1126,1123,Th9,IMMUNE_CELL_TYPE,PMC5112176,Induction
1149,1144,STAT6,TRANSCRIPTION_FACTOR,1126,1123,Th9,IMMUNE_CELL_TYPE,PMC5112176,Differentiation
1193,1189,TL1A,CYTOKINE,1154,1151,Th9,IMMUNE_CELL_TYPE,PMC5112176,Induction
1310,1306,IL-9,CYTOKINE,1154,1151,Th9,IMMUNE_CELL_TYPE,PMC5112176,Secretion
1393,1389,TL1A,CYTOKINE,1447,1444,Th9,IMMUNE_CELL_TYPE,PMC5112176,Induction
367,363,IL12,CYTOKINE,292,289,Th1,IMMUNE_CELL_TYPE,PMC3235500,Induction
361,347,interleukin 12,CYTOKINE,292,289,Th1,IMMUNE_CELL_TYPE,PMC3235500,Induction
529,525,Il17,CYTOKINE,517,513,Th17,IMMUNE_CELL_TYPE,PMC3235500,Secretion
3579,3575,IL12,CYTOKINE,3493,3490,Th1,IMMUNE_CELL_TYPE,PMC3235500,Induction
3573,3559,interleukin 12,CYTOKINE,3493,3490,Th1,IMMUNE_CELL_TYPE,PMC3235500,Induction
3540,3528,interferon γ,CYTOKINE,3493,3490,Th1,IMMUNE_CELL_TYPE,PMC3235500,Secretion
3546,3542,IFNγ,CYTOKINE,3493,3490,Th1,IMMUNE_CELL_TYPE,PMC3235500,Secretion
3700,3697,IL4,CYTOKINE,3675,3672,Th2,IMMUNE_CELL_TYPE,PMC3235500,Secretion
3705,3702,IL5,CYTOKINE,3675,3672,Th2,IMMUNE_CELL_TYPE,PMC3235500,Secretion
3711,3707,IL13,CYTOKINE,3675,3672,Th2,IMMUNE_CELL_TYPE,PMC3235500,Secretion
3721,3717,IL25,CYTOKINE,3675,3672,Th2,IMMUNE_CELL_TYPE,PMC3235500,Secretion
4927,4920,IL12p35,CYTOKINE,4894,4891,Th1,IMMUNE_CELL_TYPE,PMC3235500,Induction
4965,4961,IL18,CYTOKINE,4894,4891,Th1,IMMUNE_CELL_TYPE,PMC3235500,Induction
4933,4929,IL12,CYTOKINE,4894,4891,Th1,IMMUNE_CELL_TYPE,PMC3235500,Induction
5100,5093,IL12p35,CYTOKINE,5125,5122,Th1,IMMUNE_CELL_TYPE,PMC3235500,Induction
5091,5086,IL12α,CYTOKINE,5125,5122,Th1,IMMUNE_CELL_TYPE,PMC3235500,Induction
7295,7291,TGFβ,CYTOKINE,7344,7340,Th17,IMMUNE_CELL_TYPE,PMC3235500,Induction
7413,7410,IL6,CYTOKINE,7485,7481,Th17,IMMUNE_CELL_TYPE,PMC3235500,Induction
7395,7391,TGFβ,CYTOKINE,7485,7481,Th17,IMMUNE_CELL_TYPE,PMC3235500,Induction
7556,7552,IL21,CYTOKINE,7578,7574,Th17,IMMUNE_CELL_TYPE,PMC3235500,Induction
7546,7542,TGFβ,CYTOKINE,7578,7574,Th17,IMMUNE_CELL_TYPE,PMC3235500,Induction
7540,7537,IL6,CYTOKINE,7578,7574,Th17,IMMUNE_CELL_TYPE,PMC3235500,Induction
7612,7608,IL23,CYTOKINE,7578,7574,Th17,IMMUNE_CELL_TYPE,PMC3235500,Secretion
7703,7699,IL23,CYTOKINE,7684,7680,Th17,IMMUNE_CELL_TYPE,PMC3235500,Induction
7709,7705,TGFβ,CYTOKINE,7684,7680,Th17,IMMUNE_CELL_TYPE,PMC3235500,Induction
7714,7711,IL6,CYTOKINE,7684,7680,Th17,IMMUNE_CELL_TYPE,PMC3235500,Induction
7723,7720,IL1,CYTOKINE,7684,7680,Th17,IMMUNE_CELL_TYPE,PMC3235500,Induction
7770,7765,IL17A,CYTOKINE,7750,7746,Th17,IMMUNE_CELL_TYPE,PMC3235500,Secretion
7780,7775,IL17F,CYTOKINE,7750,7746,Th17,IMMUNE_CELL_TYPE,PMC3235500,Secretion
7837,7833,IL22,CYTOKINE,7750,7746,Th17,IMMUNE_CELL_TYPE,PMC3235500,Secretion
8017,8012,IL17A,CYTOKINE,7899,7895,Th17,IMMUNE_CELL_TYPE,PMC3235500,Secretion
8024,8019,IL17F,CYTOKINE,7899,7895,Th17,IMMUNE_CELL_TYPE,PMC3235500,Secretion
8030,8026,IL21,CYTOKINE,7899,7895,Th17,IMMUNE_CELL_TYPE,PMC3235500,Secretion
8040,8036,IL22,CYTOKINE,7899,7895,Th17,IMMUNE_CELL_TYPE,PMC3235500,Secretion
8385,8380,STAT4,TRANSCRIPTION_FACTOR,8419,8416,Th1,IMMUNE_CELL_TYPE,PMC3235500,Differentiation
8375,8370,T-bet,TRANSCRIPTION_FACTOR,8419,8416,Th1,IMMUNE_CELL_TYPE,PMC3235500,Differentiation
8510,8505,STAT6,TRANSCRIPTION_FACTOR,8520,8517,Th2,IMMUNE_CELL_TYPE,PMC3235500,Differentiation
8499,8494,GATA3,TRANSCRIPTION_FACTOR,8520,8517,Th2,IMMUNE_CELL_TYPE,PMC3235500,Differentiation
8599,8594,STAT4,TRANSCRIPTION_FACTOR,8618,8615,Th1,IMMUNE_CELL_TYPE,PMC3235500,Differentiation
8589,8584,T-bet,TRANSCRIPTION_FACTOR,8618,8615,Th1,IMMUNE_CELL_TYPE,PMC3235500,Differentiation
9040,9035,Rorγt,TRANSCRIPTION_FACTOR,8922,8918,Th17,IMMUNE_CELL_TYPE,PMC3235500,Differentiation
9050,9046,Rorα,TRANSCRIPTION_FACTOR,8922,8918,Th17,IMMUNE_CELL_TYPE,PMC3235500,Differentiation
9226,9221,FoxP3,TRANSCRIPTION_FACTOR,9273,9269,Treg,IMMUNE_CELL_TYPE,PMC3235500,Differentiation
9066,9061,Stat3,TRANSCRIPTION_FACTOR,9273,9269,Treg,IMMUNE_CELL_TYPE,PMC3235500,Differentiation
9191,9186,FoxP3,TRANSCRIPTION_FACTOR,9273,9269,Treg,IMMUNE_CELL_TYPE,PMC3235500,Differentiation
9184,9169,forkhead box P3,TRANSCRIPTION_FACTOR,9273,9269,Treg,IMMUNE_CELL_TYPE,PMC3235500,Differentiation
9310,9306,IL1β,CYTOKINE,9346,9342,Th17,IMMUNE_CELL_TYPE,PMC3235500,Induction
9301,9297,IL23,CYTOKINE,9346,9342,Th17,IMMUNE_CELL_TYPE,PMC3235500,Induction
9369,9364,IL17A,CYTOKINE,9346,9342,Th17,IMMUNE_CELL_TYPE,PMC3235500,Secretion
9376,9371,IL17F,CYTOKINE,9346,9342,Th17,IMMUNE_CELL_TYPE,PMC3235500,Secretion
9382,9378,IL22,CYTOKINE,9346,9342,Th17,IMMUNE_CELL_TYPE,PMC3235500,Secretion
9388,9384,IL26,CYTOKINE,9346,9342,Th17,IMMUNE_CELL_TYPE,PMC3235500,Secretion
9394,9390,IFNγ,CYTOKINE,9346,9342,Th17,IMMUNE_CELL_TYPE,PMC3235500,Secretion
9415,9410,CCL20,CYTOKINE,9346,9342,Th17,IMMUNE_CELL_TYPE,PMC3235500,Secretion
181,176,IL-12,CYTOKINE,218,215,TH1,IMMUNE_CELL_TYPE,PMC3304099,Induction
187,183,IL-4,CYTOKINE,223,220,TH2,IMMUNE_CELL_TYPE,PMC3304099,Induction
197,193,IL-6,CYTOKINE,233,229,TH17,IMMUNE_CELL_TYPE,PMC3304099,Induction
314,309,STAT5,TRANSCRIPTION_FACTOR,327,324,TH2,IMMUNE_CELL_TYPE,PMC3304099,Differentiation
507,502,T-bet,TRANSCRIPTION_FACTOR,446,443,TH1,IMMUNE_CELL_TYPE,PMC3304099,Differentiation
478,473,STAT5,TRANSCRIPTION_FACTOR,446,443,TH1,IMMUNE_CELL_TYPE,PMC3304099,Differentiation
569,565,IL-2,CYTOKINE,543,540,TH1,IMMUNE_CELL_TYPE,PMC3304099,Induction
1518,1513,IL-12,CYTOKINE,1336,1333,TH1,IMMUNE_CELL_TYPE,PMC3304099,Induction
1305,1297,IL-12Rβ2,CYTOKINE,1336,1333,TH1,IMMUNE_CELL_TYPE,PMC3304099,Induction
1524,1520,IL-4,CYTOKINE,1369,1366,TH2,IMMUNE_CELL_TYPE,PMC3304099,Induction
1361,1355,IL-4Rα,CYTOKINE,1369,1366,TH2,IMMUNE_CELL_TYPE,PMC3304099,Induction
1534,1530,IL-6,CYTOKINE,1464,1460,TH17,IMMUNE_CELL_TYPE,PMC3304099,Induction
1407,1403,IL-6,CYTOKINE,1464,1460,TH17,IMMUNE_CELL_TYPE,PMC3304099,Induction
1398,1392,IL-6Rα,CYTOKINE,1464,1460,TH17,IMMUNE_CELL_TYPE,PMC3304099,Induction
1598,1593,T-bet,TRANSCRIPTION_FACTOR,1631,1628,TH1,IMMUNE_CELL_TYPE,PMC3304099,Differentiation
1578,1573,STAT4,TRANSCRIPTION_FACTOR,1631,1628,TH1,IMMUNE_CELL_TYPE,PMC3304099,Differentiation
1568,1563,IL-12,CYTOKINE,1631,1628,TH1,IMMUNE_CELL_TYPE,PMC3304099,Induction
1680,1668,interferon-γ,CYTOKINE,1631,1628,TH1,IMMUNE_CELL_TYPE,PMC3304099,Secretion
1687,1682,IFN-γ,CYTOKINE,1631,1628,TH1,IMMUNE_CELL_TYPE,PMC3304099,Secretion
1715,1710,GATA3,TRANSCRIPTION_FACTOR,1748,1745,TH2,IMMUNE_CELL_TYPE,PMC3304099,Differentiation
1705,1700,STAT6,TRANSCRIPTION_FACTOR,1748,1745,TH2,IMMUNE_CELL_TYPE,PMC3304099,Differentiation
1695,1691,IL-4,CYTOKINE,1748,1745,TH2,IMMUNE_CELL_TYPE,PMC3304099,Induction
1774,1770,IL-4,CYTOKINE,1748,1745,TH2,IMMUNE_CELL_TYPE,PMC3304099,Secretion
1780,1776,IL-5,CYTOKINE,1748,1745,TH2,IMMUNE_CELL_TYPE,PMC3304099,Secretion
1791,1786,IL-13,CYTOKINE,1748,1745,TH2,IMMUNE_CELL_TYPE,PMC3304099,Secretion
1826,1821,IL-21,CYTOKINE,1889,1885,TH17,IMMUNE_CELL_TYPE,PMC3304099,Induction
1819,1814,IL-23,CYTOKINE,1889,1885,TH17,IMMUNE_CELL_TYPE,PMC3304099,Induction
1812,1808,IL-6,CYTOKINE,1889,1885,TH17,IMMUNE_CELL_TYPE,PMC3304099,Induction
1806,1801,TGF-β,CYTOKINE,1889,1885,TH17,IMMUNE_CELL_TYPE,PMC3304099,Induction
1846,1841,RORγt,TRANSCRIPTION_FACTOR,1889,1885,TH17,IMMUNE_CELL_TYPE,PMC3304099,Differentiation
1836,1831,STAT3,TRANSCRIPTION_FACTOR,1889,1885,TH17,IMMUNE_CELL_TYPE,PMC3304099,Differentiation
1917,1911,IL-17A,CYTOKINE,1889,1885,TH17,IMMUNE_CELL_TYPE,PMC3304099,Secretion
1925,1919,IL-17F,CYTOKINE,1889,1885,TH17,IMMUNE_CELL_TYPE,PMC3304099,Secretion
2761,2756,STAT5,TRANSCRIPTION_FACTOR,2734,2731,TH2,IMMUNE_CELL_TYPE,PMC3304099,Differentiation
2805,2800,Il4ra,CYTOKINE,2734,2731,TH2,IMMUNE_CELL_TYPE,PMC3304099,Induction
2828,2822,IL-4Rα,CYTOKINE,2734,2731,TH2,IMMUNE_CELL_TYPE,PMC3304099,Induction
2828,2822,IL-4Rα,CYTOKINE,2908,2905,TH2,IMMUNE_CELL_TYPE,PMC3304099,Induction
2805,2800,Il4ra,CYTOKINE,2908,2905,TH2,IMMUNE_CELL_TYPE,PMC3304099,Induction
2693,2689,IL-2,CYTOKINE,2908,2905,TH2,IMMUNE_CELL_TYPE,PMC3304099,Induction
3234,3230,IL-2,CYTOKINE,3330,3327,TH1,IMMUNE_CELL_TYPE,PMC3304099,Induction
3773,3768,IL-12,CYTOKINE,3722,3719,TH1,IMMUNE_CELL_TYPE,PMC3304099,Induction
3983,3978,GATA3,TRANSCRIPTION_FACTOR,4047,4044,TH2,IMMUNE_CELL_TYPE,PMC3304099,Differentiation
6901,6896,IFN-γ,CYTOKINE,6983,6980,TH1,IMMUNE_CELL_TYPE,PMC3304099,Induction
8112,8107,Tbx21,TRANSCRIPTION_FACTOR,8345,8342,TH1,IMMUNE_CELL_TYPE,PMC3304099,Differentiation
8404,8399,IFN-γ,CYTOKINE,8345,8342,TH1,IMMUNE_CELL_TYPE,PMC3304099,Induction
3940,3935,IL-21,CYTOKINE,3992,3989,Tfh,IMMUNE_CELL_TYPE,PMC4023883,Induction
3933,3929,IL-6,CYTOKINE,3992,3989,Tfh,IMMUNE_CELL_TYPE,PMC4023883,Induction
4206,4201,Bcl-6,TRANSCRIPTION_FACTOR,4253,4250,Tfh,IMMUNE_CELL_TYPE,PMC4023883,Differentiation
321,303,interleukin (IL)-6,CYTOKINE,413,402,T helper-17,IMMUNE_CELL_TYPE,PMC3246047,Induction
370,342,transforming growth factor-β,CYTOKINE,413,402,T helper-17,IMMUNE_CELL_TYPE,PMC3246047,Induction
377,372,TGF-β,CYTOKINE,413,402,T helper-17,IMMUNE_CELL_TYPE,PMC3246047,Induction
321,303,interleukin (IL)-6,CYTOKINE,419,415,Th17,IMMUNE_CELL_TYPE,PMC3246047,Induction
370,342,transforming growth factor-β,CYTOKINE,419,415,Th17,IMMUNE_CELL_TYPE,PMC3246047,Induction
377,372,TGF-β,CYTOKINE,419,415,Th17,IMMUNE_CELL_TYPE,PMC3246047,Induction
560,556,IL-6,CYTOKINE,591,587,Th17,IMMUNE_CELL_TYPE,PMC3246047,Induction
720,716,IL-1,CYTOKINE,769,765,Th17,IMMUNE_CELL_TYPE,PMC3246047,Induction
848,844,IL-6,CYTOKINE,891,887,Th17,IMMUNE_CELL_TYPE,PMC3246047,Induction
2059,2054,TGF-β,CYTOKINE,2014,1992,inducible regulatory T,IMMUNE_CELL_TYPE,PMC3750006,Induction
2059,2054,TGF-β,CYTOKINE,2027,2022,iTreg,IMMUNE_CELL_TYPE,PMC3750006,Induction
937,932,IFN-γ,CYTOKINE,823,819,γδ T,IMMUNE_CELL_TYPE,PMC4241840,Secretion
947,942,TNF-α,CYTOKINE,823,819,γδ T,IMMUNE_CELL_TYPE,PMC4241840,Secretion
4434,4422,interferon-γ,CYTOKINE,4398,4394,Th-1,IMMUNE_CELL_TYPE,PMC4385920,Secretion
4441,4436,IFN-γ,CYTOKINE,4398,4394,Th-1,IMMUNE_CELL_TYPE,PMC4385920,Secretion
4470,4447,tumor necrosis factor-α,CYTOKINE,4398,4394,Th-1,IMMUNE_CELL_TYPE,PMC4385920,Secretion
4477,4472,TNF-α,CYTOKINE,4398,4394,Th-1,IMMUNE_CELL_TYPE,PMC4385920,Secretion
923,916,(IL)-17,CYTOKINE,948,944,Th17,IMMUNE_CELL_TYPE,PMC4649113,Secretion
1221,1209,interferon-γ,CYTOKINE,1253,1250,Th1,IMMUNE_CELL_TYPE,PMC4649113,Secretion
1337,1322,forkhead box p3,TRANSCRIPTION_FACTOR,1387,1375,regulatory T,IMMUNE_CELL_TYPE,PMC4649113,Differentiation
731,726,IL-33,CYTOKINE,706,703,TH2,IMMUNE_CELL_TYPE,PMC5293011,Induction
19,15,IL-9,CYTOKINE,38,35,Tc9,IMMUNE_CELL_TYPE,PMC3926063,Secretion
412,408,IL-9,CYTOKINE,461,458,Tc9,IMMUNE_CELL_TYPE,PMC3926063,Secretion
926,922,IL-9,CYTOKINE,870,867,Tc9,IMMUNE_CELL_TYPE,PMC3926063,Secretion
1289,1284,IL-12,CYTOKINE,1297,1294,cDC,IMMUNE_CELL_TYPE,PMC3204990,Secretion
2752,2747,IFN-γ,CYTOKINE,2656,2652,iNKT,IMMUNE_CELL_TYPE,PMC3204990,Secretion
2761,2757,IL-4,CYTOKINE,2656,2652,iNKT,IMMUNE_CELL_TYPE,PMC3204990,Secretion
4564,4559,IL-12,CYTOKINE,4526,4518,CD4− cDC,IMMUNE_CELL_TYPE,PMC3204990,Secretion
4575,4571,CD40,CYTOKINE,4526,4518,CD4− cDC,IMMUNE_CELL_TYPE,PMC3204990,Secretion
3175,3168,(IFN)‐γ,CYTOKINE,3147,3144,Th1,IMMUNE_CELL_TYPE,PMC5020626,Secretion
3774,3770,IL‐4,CYTOKINE,3760,3757,Th2,IMMUNE_CELL_TYPE,PMC5020626,Secretion
732,727,T-bet,TRANSCRIPTION_FACTOR,646,643,Th1,IMMUNE_CELL_TYPE,PMC5206501,Differentiation
788,783,IFN-γ,CYTOKINE,646,643,Th1,IMMUNE_CELL_TYPE,PMC5206501,Secretion
2940,2936,TCF1,TRANSCRIPTION_FACTOR,2946,2943,Th1,IMMUNE_CELL_TYPE,PMC5206501,Differentiation
2798,2794,TCF1,TRANSCRIPTION_FACTOR,2946,2943,Th1,IMMUNE_CELL_TYPE,PMC5206501,Differentiation
3682,3678,TCF1,TRANSCRIPTION_FACTOR,3785,3770,memory cell CD8,IMMUNE_CELL_TYPE,PMC5206501,Differentiation
54,50,IL-4,CYTOKINE,77,65,CD4+ T Cells,IMMUNE_CELL_TYPE,PMC2196041,Secretion
18,0,Interleukin (IL)-6,CYTOKINE,77,65,CD4+ T Cells,IMMUNE_CELL_TYPE,PMC2196041,Induction
98,80,Interleukin (IL)-4,CYTOKINE,200,180,T helper cell (Th) 2,IMMUNE_CELL_TYPE,PMC2196041,Induction
223,218,IL-12,CYTOKINE,275,272,Th1,IMMUNE_CELL_TYPE,PMC2196041,Induction
240,228,interferon γ,CYTOKINE,275,272,Th1,IMMUNE_CELL_TYPE,PMC2196041,Induction
374,370,IL-6,CYTOKINE,477,474,Th2,IMMUNE_CELL_TYPE,PMC2196041,Induction
526,522,IL-4,CYTOKINE,542,530,CD4+ T cells,IMMUNE_CELL_TYPE,PMC2196041,Secretion
601,596,IL-12,CYTOKINE,657,633,antigen-presenting cells,IMMUNE_CELL_TYPE,PMC2196041,Secretion
609,605,IL-6,CYTOKINE,657,633,antigen-presenting cells,IMMUNE_CELL_TYPE,PMC2196041,Secretion
878,874,IL-2,CYTOKINE,859,856,Th1,IMMUNE_CELL_TYPE,PMC2196041,Secretion
885,880,IFN-γ,CYTOKINE,859,856,Th1,IMMUNE_CELL_TYPE,PMC2196041,Secretion
896,891,TNF-β,CYTOKINE,859,856,Th1,IMMUNE_CELL_TYPE,PMC2196041,Secretion
986,982,IL-4,CYTOKINE,960,957,Th2,IMMUNE_CELL_TYPE,PMC2196041,Secretion
992,988,IL-5,CYTOKINE,960,957,Th2,IMMUNE_CELL_TYPE,PMC2196041,Secretion
998,994,IL-6,CYTOKINE,960,957,Th2,IMMUNE_CELL_TYPE,PMC2196041,Secretion
1005,1000,IL-10,CYTOKINE,960,957,Th2,IMMUNE_CELL_TYPE,PMC2196041,Secretion
1016,1011,IL-13,CYTOKINE,960,957,Th2,IMMUNE_CELL_TYPE,PMC2196041,Secretion
1785,1780,IL-12,CYTOKINE,1818,1815,Th1,IMMUNE_CELL_TYPE,PMC2196041,Induction
1847,1843,IL-4,CYTOKINE,1882,1879,Th2,IMMUNE_CELL_TYPE,PMC2196041,Induction
2110,2105,IL-12,CYTOKINE,2150,2139,macrophages,IMMUNE_CELL_TYPE,PMC2196041,Secretion
2237,2232,IFN-γ,CYTOKINE,2208,2200,NK cells,IMMUNE_CELL_TYPE,PMC2196041,Secretion
2450,2446,IL-4,CYTOKINE,2432,2423,basophils,IMMUNE_CELL_TYPE,PMC2196041,Secretion
2450,2446,IL-4,CYTOKINE,2418,2408,mast cells,IMMUNE_CELL_TYPE,PMC2196041,Secretion
2579,2575,IL-4,CYTOKINE,2658,2638,CD3+CD4+NK1.1+ cells,IMMUNE_CELL_TYPE,PMC2196041,Secretion
2729,2725,IL-4,CYTOKINE,2743,2733,mast cells,IMMUNE_CELL_TYPE,PMC2196041,Secretion
2729,2725,IL-4,CYTOKINE,2757,2748,basophils,IMMUNE_CELL_TYPE,PMC2196041,Secretion
2943,2939,IL-4,CYTOKINE,2963,2951,CD4+ T cells,IMMUNE_CELL_TYPE,PMC2196041,Secretion
3064,3060,IL-4,CYTOKINE,3154,3151,Th2,IMMUNE_CELL_TYPE,PMC2196041,Induction
3011,3007,IL-4,CYTOKINE,3154,3151,Th2,IMMUNE_CELL_TYPE,PMC2196041,Induction
3220,3215,IL-12,CYTOKINE,3257,3253,APCs,IMMUNE_CELL_TYPE,PMC2196041,Secretion
3292,3288,IL-4,CYTOKINE,3319,3307,CD4+ T cells,IMMUNE_CELL_TYPE,PMC2196041,Secretion
3515,3511,IL-6,CYTOKINE,3590,3587,Th2,IMMUNE_CELL_TYPE,PMC2196041,Induction
3642,3638,IL-4,CYTOKINE,3590,3587,Th2,IMMUNE_CELL_TYPE,PMC2196041,Induction
3688,3683,IL-12,CYTOKINE,3721,3718,Th1,IMMUNE_CELL_TYPE,PMC2196041,Induction
33,25,musculin,TRANSCRIPTION_FACTOR,92,77,peripheral Treg,IMMUNE_CELL_TYPE,PMC5591438,Differentiation
466,461,TGF-β,CYTOKINE,488,468,induced regulatory T,IMMUNE_CELL_TYPE,PMC5591438,Induction
459,431,Transforming growth factor-β,CYTOKINE,488,468,induced regulatory T,IMMUNE_CELL_TYPE,PMC5591438,Induction
466,461,TGF-β,CYTOKINE,500,495,iTreg,IMMUNE_CELL_TYPE,PMC5591438,Induction
459,431,Transforming growth factor-β,CYTOKINE,500,495,iTreg,IMMUNE_CELL_TYPE,PMC5591438,Induction
542,539,MSC,TRANSCRIPTION_FACTOR,565,560,iTreg,IMMUNE_CELL_TYPE,PMC5591438,Differentiation
537,529,Musculin,TRANSCRIPTION_FACTOR,565,560,iTreg,IMMUNE_CELL_TYPE,PMC5591438,Differentiation
649,644,Foxp3,TRANSCRIPTION_FACTOR,676,673,TH2,IMMUNE_CELL_TYPE,PMC5591438,Differentiation
635,632,MSC,TRANSCRIPTION_FACTOR,676,673,TH2,IMMUNE_CELL_TYPE,PMC5591438,Differentiation
709,704,TGF-β,CYTOKINE,723,718,iTreg,IMMUNE_CELL_TYPE,PMC5591438,Induction
1067,1062,Foxp3,TRANSCRIPTION_FACTOR,1126,1120,iTregs,IMMUNE_CELL_TYPE,PMC5591438,Differentiation
1052,1049,MSC,TRANSCRIPTION_FACTOR,1126,1120,iTregs,IMMUNE_CELL_TYPE,PMC5591438,Differentiation
1234,1229,RORγt,TRANSCRIPTION_FACTOR,1201,1197,Th17,IMMUNE_CELL_TYPE,PMC3173465,Differentiation
1244,1239,Stat3,TRANSCRIPTION_FACTOR,1201,1197,Th17,IMMUNE_CELL_TYPE,PMC3173465,Differentiation
3522,3517,IL-17,CYTOKINE,3502,3498,Th17,IMMUNE_CELL_TYPE,PMC3173465,Secretion
3529,3524,IL-21,CYTOKINE,3502,3498,Th17,IMMUNE_CELL_TYPE,PMC3173465,Secretion
3539,3534,IL-22,CYTOKINE,3502,3498,Th17,IMMUNE_CELL_TYPE,PMC3173465,Secretion
4348,4344,IL-6,CYTOKINE,4394,4371,IL-17-producing T cells,IMMUNE_CELL_TYPE,PMC3173465,Induction
4339,4335,TGFβ,CYTOKINE,4394,4371,IL-17-producing T cells,IMMUNE_CELL_TYPE,PMC3173465,Induction
4425,4420,Stat3,TRANSCRIPTION_FACTOR,4467,4463,Th17,IMMUNE_CELL_TYPE,PMC3173465,Differentiation
4409,4405,IL-6,CYTOKINE,4467,4463,Th17,IMMUNE_CELL_TYPE,PMC3173465,Induction
4544,4539,RORγt,TRANSCRIPTION_FACTOR,4573,4568,Th17.,IMMUNE_CELL_TYPE,PMC3173465,Differentiation
4506,4502,TGFβ,CYTOKINE,4573,4568,Th17.,IMMUNE_CELL_TYPE,PMC3173465,Induction
4497,4493,IL-6,CYTOKINE,4573,4568,Th17.,IMMUNE_CELL_TYPE,PMC3173465,Induction
4600,4595,RORγt,TRANSCRIPTION_FACTOR,4637,4616,IL-17 producing cells,IMMUNE_CELL_TYPE,PMC3173465,Differentiation
4806,4801,RORγt,TRANSCRIPTION_FACTOR,4742,4738,Th17,IMMUNE_CELL_TYPE,PMC3173465,Differentiation
4890,4885,RORγt,TRANSCRIPTION_FACTOR,4873,4869,Th17,IMMUNE_CELL_TYPE,PMC3173465,Differentiation
5719,5714,TCF-1,TRANSCRIPTION_FACTOR,5784,5781,Th2,IMMUNE_CELL_TYPE,PMC3173465,Differentiation
5796,5791,TCF-1,TRANSCRIPTION_FACTOR,5809,5806,Th2,IMMUNE_CELL_TYPE,PMC3173465,Differentiation
5861,5855,GATA-3,TRANSCRIPTION_FACTOR,5884,5881,Th2,IMMUNE_CELL_TYPE,PMC3173465,Differentiation
6228,6223,TCF-1,TRANSCRIPTION_FACTOR,6256,6253,Th2,IMMUNE_CELL_TYPE,PMC3173465,Differentiation
1458,1453,IL-1β,CYTOKINE,1378,1373,MDSCs,IMMUNE_CELL_TYPE,PMC4418961,Secretion
1465,1460,TNF-α,CYTOKINE,1378,1373,MDSCs,IMMUNE_CELL_TYPE,PMC4418961,Secretion
630,625,IFN-γ,CYTOKINE,648,645,Th1,IMMUNE_CELL_TYPE,PMC3046151,Secretion
789,784,IL-17,CYTOKINE,750,746,Th17,IMMUNE_CELL_TYPE,PMC3046151,Secretion
864,859,IL-17,CYTOKINE,831,827,Th17,IMMUNE_CELL_TYPE,PMC3046151,Secretion
864,859,IL-17,CYTOKINE,826,823,Th1,IMMUNE_CELL_TYPE,PMC3046151,Secretion
874,869,IFN-γ,CYTOKINE,831,827,Th17,IMMUNE_CELL_TYPE,PMC3046151,Secretion
874,869,IFN-γ,CYTOKINE,826,823,Th1,IMMUNE_CELL_TYPE,PMC3046151,Secretion
959,954,IL-17,CYTOKINE,934,930,Th17,IMMUNE_CELL_TYPE,PMC3046151,Secretion
1032,1027,IL-23,CYTOKINE,1076,1072,Th17,IMMUNE_CELL_TYPE,PMC3046151,Induction
2737,2732,IFN-α,CYTOKINE,2852,2849,Th1,IMMUNE_CELL_TYPE,PMC3046151,Induction
3201,3196,IFN-γ,CYTOKINE,3301,3299,DC,IMMUNE_CELL_TYPE,PMC3046151,Secretion
3208,3203,TGF-β,CYTOKINE,3301,3299,DC,IMMUNE_CELL_TYPE,PMC3046151,Secretion
3214,3210,IL-6,CYTOKINE,3301,3299,DC,IMMUNE_CELL_TYPE,PMC3046151,Secretion
3221,3216,IL-1β,CYTOKINE,3301,3299,DC,IMMUNE_CELL_TYPE,PMC3046151,Secretion
7511,7506,IFN-γ,CYTOKINE,7465,7448,naïve CD4 T cells,IMMUNE_CELL_TYPE,PMC3046151,Secretion
7867,7862,IL-13,CYTOKINE,7906,7889,naïve CD4 T cells,IMMUNE_CELL_TYPE,PMC3046151,Secretion
7867,7862,IL-13,CYTOKINE,8012,7995,naïve CD4 T cells,IMMUNE_CELL_TYPE,PMC3046151,Secretion
8119,8114,IL-23,CYTOKINE,8143,8137,IFN-DC,IMMUNE_CELL_TYPE,PMC3046151,Secretion
130,125,STAT3,TRANSCRIPTION_FACTOR,182,174,T helper,IMMUNE_CELL_TYPE,PMC3228524,Differentiation
1066,1061,STAT3,TRANSCRIPTION_FACTOR,1092,1076,central memory T,IMMUNE_CELL_TYPE,PMC3228524,Differentiation
1099,1095,IFNγ,CYTOKINE,1114,1110,γδ T,IMMUNE_CELL_TYPE,PMC3650071,Secretion
1171,1166,IL-17,CYTOKINE,1186,1182,γδ T,IMMUNE_CELL_TYPE,PMC3650071,Secretion
4060,4056,IFNγ,CYTOKINE,4075,4071,γδ T,IMMUNE_CELL_TYPE,PMC3650071,Secretion
4101,4096,IL-17,CYTOKINE,4116,4112,γδ T,IMMUNE_CELL_TYPE,PMC3650071,Secretion
44,39,TGF-β,CYTOKINE,85,81,Th17,IMMUNE_CELL_TYPE,PMC2646571,Induction
44,39,TGF-β,CYTOKINE,119,97,inducible regulatory T,IMMUNE_CELL_TYPE,PMC2646571,Induction
1000,972,transforming growth factor β,CYTOKINE,939,935,Th17,IMMUNE_CELL_TYPE,PMC2646571,Induction
1000,972,transforming growth factor β,CYTOKINE,949,944,iTreg,IMMUNE_CELL_TYPE,PMC2646571,Induction
1810,1805,IL-17,CYTOKINE,1816,1812,Th17,IMMUNE_CELL_TYPE,PMC2646571,Secretion
1955,1950,IFN-γ,CYTOKINE,1928,1925,Th1,IMMUNE_CELL_TYPE,PMC2646571,Secretion
2040,2036,IL-4,CYTOKINE,2021,2018,Th2,IMMUNE_CELL_TYPE,PMC2646571,Secretion
2046,2042,IL-5,CYTOKINE,2021,2018,Th2,IMMUNE_CELL_TYPE,PMC2646571,Secretion
2057,2052,IL-13,CYTOKINE,2021,2018,Th2,IMMUNE_CELL_TYPE,PMC2646571,Secretion
2194,2188,IL-17a,CYTOKINE,2173,2169,Th17,IMMUNE_CELL_TYPE,PMC2646571,Secretion
2202,2196,IL-17f,CYTOKINE,2173,2169,Th17,IMMUNE_CELL_TYPE,PMC2646571,Secretion
2209,2204,IL-21,CYTOKINE,2173,2169,Th17,IMMUNE_CELL_TYPE,PMC2646571,Secretion
2220,2215,IL-22,CYTOKINE,2173,2169,Th17,IMMUNE_CELL_TYPE,PMC2646571,Secretion
3023,3018,TGF-β,CYTOKINE,3053,3049,Treg,IMMUNE_CELL_TYPE,PMC2646571,Induction
3209,3204,IFN-γ,CYTOKINE,3220,3217,Th1,IMMUNE_CELL_TYPE,PMC2646571,Induction
3199,3194,IL-12,CYTOKINE,3220,3217,Th1,IMMUNE_CELL_TYPE,PMC2646571,Induction
3255,3251,IL-4,CYTOKINE,3275,3272,Th2,IMMUNE_CELL_TYPE,PMC2646571,Induction
3264,3260,IL-2,CYTOKINE,3275,3272,Th2,IMMUNE_CELL_TYPE,PMC2646571,Induction
3326,3321,IL-21,CYTOKINE,3338,3334,Th17,IMMUNE_CELL_TYPE,PMC2646571,Induction
3320,3316,IL-6,CYTOKINE,3338,3334,Th17,IMMUNE_CELL_TYPE,PMC2646571,Induction
3311,3306,TGF-β,CYTOKINE,3338,3334,Th17,IMMUNE_CELL_TYPE,PMC2646571,Induction
3378,3373,TGF-β,CYTOKINE,3400,3395,iTreg,IMMUNE_CELL_TYPE,PMC2646571,Induction
3387,3383,IL-2,CYTOKINE,3400,3395,iTreg,IMMUNE_CELL_TYPE,PMC2646571,Induction
3665,3660,Stat4,TRANSCRIPTION_FACTOR,3673,3670,Th1,IMMUNE_CELL_TYPE,PMC2646571,Differentiation
3655,3650,T-bet,TRANSCRIPTION_FACTOR,3673,3670,Th1,IMMUNE_CELL_TYPE,PMC2646571,Differentiation
3695,3689,GATA-3,TRANSCRIPTION_FACTOR,3713,3710,Th2,IMMUNE_CELL_TYPE,PMC2646571,Differentiation
3705,3700,Stat5,TRANSCRIPTION_FACTOR,3713,3710,Th2,IMMUNE_CELL_TYPE,PMC2646571,Differentiation
3738,3733,RORγt,TRANSCRIPTION_FACTOR,3757,3753,Th17,IMMUNE_CELL_TYPE,PMC2646571,Differentiation
3748,3743,Stat3,TRANSCRIPTION_FACTOR,3757,3753,Th17,IMMUNE_CELL_TYPE,PMC2646571,Differentiation
3783,3778,Foxp3,TRANSCRIPTION_FACTOR,3808,3798,Treg cells,IMMUNE_CELL_TYPE,PMC2646571,Differentiation
3793,3788,Stat5,TRANSCRIPTION_FACTOR,3808,3798,Treg cells,IMMUNE_CELL_TYPE,PMC2646571,Differentiation
4178,4172,GATA-3,TRANSCRIPTION_FACTOR,4124,4121,Th2,IMMUNE_CELL_TYPE,PMC2646571,Differentiation
4722,4717,Gfi-1,TRANSCRIPTION_FACTOR,4729,4726,Th2,IMMUNE_CELL_TYPE,PMC2646571,Differentiation
5526,5522,Gfi1,TRANSCRIPTION_FACTOR,5495,5492,Th2,IMMUNE_CELL_TYPE,PMC2646571,Differentiation
5918,5913,TGF-β,CYTOKINE,5937,5933,Th17,IMMUNE_CELL_TYPE,PMC2646571,Induction
5918,5913,TGF-β,CYTOKINE,5947,5942,iTreg,IMMUNE_CELL_TYPE,PMC2646571,Induction
6234,6230,Gfi1,TRANSCRIPTION_FACTOR,6203,6200,Th2,IMMUNE_CELL_TYPE,PMC2646571,Differentiation
6329,6324,IFN-γ,CYTOKINE,6203,6200,Th2,IMMUNE_CELL_TYPE,PMC2646571,Secretion
6352,6347,Gfi-1,TRANSCRIPTION_FACTOR,6388,6385,Th2,IMMUNE_CELL_TYPE,PMC2646571,Differentiation
7803,7798,RORγt,TRANSCRIPTION_FACTOR,7822,7818,Th17,IMMUNE_CELL_TYPE,PMC2646571,Differentiation
8703,8699,IL-6,CYTOKINE,8606,8602,Th17,IMMUNE_CELL_TYPE,PMC2646571,Induction
8694,8689,TGF-β,CYTOKINE,8606,8602,Th17,IMMUNE_CELL_TYPE,PMC2646571,Induction
2170,2165,IL-12,CYTOKINE,2287,2284,Th1,IMMUNE_CELL_TYPE,PMC5342705,Induction
2163,2149,interleukin-12,CYTOKINE,2287,2284,Th1,IMMUNE_CELL_TYPE,PMC5342705,Induction
2199,2196,TNF,CYTOKINE,2292,2289,Th2,IMMUNE_CELL_TYPE,PMC5342705,Induction
2194,2173,tumor necrosis factor,CYTOKINE,2292,2289,Th2,IMMUNE_CELL_TYPE,PMC5342705,Induction
2230,2225,IFN-γ,CYTOKINE,2300,2296,Th17,IMMUNE_CELL_TYPE,PMC5342705,Induction
2223,2211,interferon-γ,CYTOKINE,2300,2296,Th17,IMMUNE_CELL_TYPE,PMC5342705,Induction
2206,2202,IL-6,CYTOKINE,2300,2296,Th17,IMMUNE_CELL_TYPE,PMC5342705,Induction
2519,2514,TGF-β,CYTOKINE,2596,2584,regulatory T,IMMUNE_CELL_TYPE,PMC5342705,Induction
2512,2484,transforming growth factor-β,CYTOKINE,2596,2584,regulatory T,IMMUNE_CELL_TYPE,PMC5342705,Induction
2450,2445,IL-10,CYTOKINE,2596,2584,regulatory T,IMMUNE_CELL_TYPE,PMC5342705,Induction
2519,2514,TGF-β,CYTOKINE,2607,2603,Treg,IMMUNE_CELL_TYPE,PMC5342705,Induction
2512,2484,transforming growth factor-β,CYTOKINE,2607,2603,Treg,IMMUNE_CELL_TYPE,PMC5342705,Induction
2450,2445,IL-10,CYTOKINE,2607,2603,Treg,IMMUNE_CELL_TYPE,PMC5342705,Induction
