approved_symbol,key,value
ABCB1,ABC20,CD243
ABCB1,CD243,CD243
ABCB1,CLCS,CD243
ABCB1,GP170,CD243
ABCB1,MDR1,CD243
ABCB1,PGP,CD243
ABCB1,PGY1,CD243
ABCB1,ABCB1,CD243
ABCG2,ABCP,CD338
ABCG2,BCRP,CD338
ABCG2,CD338,CD338
ABCG2,EST157481,CD338
ABCG2,MXR,CD338
ABCG2,ABCG2,CD338
ACE,ACE1,CD143
ACE,CD143,CD143
ACE,DCP1,CD143
ACE,ACE,CD143
ACKR1,CCBP1,CD234
ACKR1,CD234,CD234
ACKR1,DARC,CD234
ACKR1,DFY,CD234
ACKR1,GPD,CD234
ACKR1,ACKR1,CD234
ADAM10,CD156C,CD156C
ADAM10,HST18717,CD156C
ADAM10,KUZ,CD156C
ADAM10,MADM,CD156C
ADAM10,ADAM10,CD156C
ADAM17,CD156B,CD156B
ADAM17,CSVP,CD156B
ADAM17,TACE,CD156B
ADAM17,ADAM17,CD156B
ADAM8,CD156,CD156
ADAM8,CD156A,CD156
ADAM8,MS2,CD156
ADAM8,ADAM8,CD156
ADGRE2,CD312,CD312
ADGRE2,EMR2,CD312
ADGRE2,ADGRE2,CD312
ADGRE5,CD97,CD97
ADGRE5,TM7LN1,CD97
ADGRE5,ADGRE5,CD97
AICDA,AID,CDA2
AICDA,ARP2,CDA2
AICDA,CDA2,CDA2
AICDA,HIGM2,CDA2
AICDA,AICDA,CDA2
AKR1C4,3ALPHAHSD,CDR
AKR1C4,C11,CDR
AKR1C4,CHDR,CDR
AKR1C4,DD4,CDR
AKR1C4,HAKRA,CDR
AKR1C4,MGC22581,CDR
AKR1C4,AKR1C4,CDR
ALCAM,CD166,CD166
ALCAM,MEMD,CD166
ALCAM,ALCAM,CD166
ALG1,CDG1K,CDG1K
ALG1,HMAT1,CDG1K
ALG1,HMT1,CDG1K
ALG1,MAT1,CDG1K
ALG1,ALG1,CDG1K
ALG11,CDG1P,CDG1P
ALG11,KIAA0266,CDG1P
ALG11,ALG11,CDG1P
ALG12,CDG1G,CDG1G
ALG12,ECM39,CDG1G
ALG12,ALG12,CDG1G
ALG13,CDG1S,CDG1S
ALG13,CXORF45,CDG1S
ALG13,FLJ23018,CDG1S
ALG13,GLT28D1,CDG1S
ALG13,MDS031,CDG1S
ALG13,TDRD13,CDG1S
ALG13,YGL047W,CDG1S
ALG13,ALG13,CDG1S
ALG2,CDG1I,CDG1I
ALG2,CDGII,CDG1I
ALG2,FLJ14511,CDG1I
ALG2,HALPG2,CDG1I
ALG2,NET38,CDG1I
ALG2,ALG2,CDG1I
ALG3,CDGS4,CDGS4
ALG3,D16ERTD36E,CDGS4
ALG3,NOT56,CDGS4
ALG3,NOT56L,CDGS4
ALG3,ALG3,CDGS4
ALK,CD246,CD246
ALK,ALK,CD246
ANGPTL7,ANGX,CDT6
ANGPTL7,CDT6,CDT6
ANGPTL7,ANGPTL7,CDT6
ANPEP,CD13,CD13
ANPEP,GP150,CD13
ANPEP,P150,CD13
ANPEP,PEPN,CD13
ANPEP,ANPEP,CD13
APOBEC1,APOBEC1,CDAR1
APOBEC1,BEDP,CDAR1
APOBEC1,CDAR1,CDAR1
APOBEC1,HEPR,CDAR1
ARHGAP1,CDC42GAP,CDC42GAP
ARHGAP1,P50RHOGAP,CDC42GAP
ARHGAP1,RHOGAP,CDC42GAP
ARHGAP1,ARHGAP1,CDC42GAP
ARHGAP31,CDGAP,CDGAP
ARHGAP31,ARHGAP31,CDGAP
ARSE,CDPX,CDPX
ARSE,CDPX1,CDPX
ARSE,ARSE,CDPX
ART1,ART2,CD296
ART1,CD296,CD296
ART1,ART1,CD296
ART4,CD297,CD297
ART4,DOK1,CD297
ART4,ART4,CD297
ATP1B3,CD298,CD298
ATP1B3,FLJ29027,CD298
ATP1B3,ATP1B3,CD298
B3GAT1,CD57,CD57
B3GAT1,GLCATP,CD57
B3GAT1,HNK1,CD57
B3GAT1,LEU7,CD57
B3GAT1,B3GAT1,CD57
BAK1,BAK,CDN1
BAK1,BCL2L7,CDN1
BAK1,CDN1,CDN1
BAK1,BAK1,CDN1
BCAM,CD239,CD239
BCAM,BCAM,CD239
BCAP31,6C6AG,CDM
BCAP31,BAP31,CDM
BCAP31,DXS1357E,CDM
BCAP31,BCAP31,CDM
BMPR1A,ACVRLK3,CD292
BMPR1A,ALK3,CD292
BMPR1A,CD292,CD292
BMPR1A,BMPR1A,CD292
BMPR1B,ALK6,CDW293
BMPR1B,CDW293,CDW293
BMPR1B,BMPR1B,CDW293
BOC,CDON2,CDON2
BOC,BOC,CDON2
BSG,CD147,CD147
BSG,EMMPRIN,CD147
BSG,EMPRIN,CD147
BSG,BSG,CD147
BST1,CD157,CD157
BST1,BST1,CD157
BST2,CD317,CD317
BST2,TETHERIN,CD317
BST2,BST2,CD317
BTLA,BTLA1,CD272
BTLA,CD272,CD272
BTLA,BTLA,CD272
BTN3A1,BT31,CD277
BTN3A1,BTF5,CD277
BTN3A1,BTN31,CD277
BTN3A1,CD277,CD277
BTN3A1,BTN3A1,CD277
C2CD5,CDP138,CDP138
C2CD5,KIAA0528,CDP138
C2CD5,C2CD5,CDP138
C5AR1,C5A,CD88
C5AR1,C5AR,CD88
C5AR1,C5R1,CD88
C5AR1,CD88,CD88
C5AR1,C5AR1,CD88
CALD1,HCAD,CDM
CALD1,LCAD,CDM
CALD1,CALD1,CDM
CAPNS1,30K,CDPS
CAPNS1,CANP,CDPS
CAPNS1,CANPS,CDPS
CAPNS1,CAPN4,CDPS
CAPNS1,CDPS,CDPS
CAPNS1,CAPNS1,CDPS
CBX2,CDCA6,CDCA6
CBX2,MGC10561,CDCA6
CBX2,CBX2,CDCA6
CCR1,CD191,CD191
CCR1,CMKBR1,CD191
CCR1,MIP1AR,CD191
CCR1,SCYAR1,CD191
CCR1,CCR1,CD191
CCR2,CCCKR2,CD192
CCR2,CD192,CD192
CCR2,CKR2,CD192
CCR2,CMKBR2,CD192
CCR2,FLJ78302,CD192
CCR2,MCP1R,CD192
CCR2,CCR2,CD192
CCR3,CCCKR3,CD193
CCR3,CD193,CD193
CCR3,CKR3,CD193
CCR3,CMKBR3,CD193
CCR3,CCR3,CD193
CCR4,CCCKR4,CD194
CCR4,CCR4,CD194
CCR4,CD194,CD194
CCR4,CHEMR13,CD194
CCR4,CKR4,CD194
CCR4,CMKBR4,CD194
CCR4,K55,CD194
CCR5,CCCKR5,CD195
CCR5,CD195,CD195
CCR5,CKR5,CD195
CCR5,CMKBR5,CD195
CCR5,IDDM22,CD195
CCR5,CCR5,CD195
CCR6,BN1,CD196
CCR6,CD196,CD196
CCR6,CKRL3,CD196
CCR6,CMKBR6,CD196
CCR6,DRY6,CD196
CCR6,GPRCY4,CD196
CCR6,GPR29,CD196
CCR6,STRL22,CD196
CCR6,CCR6,CD196
CCR7,BLR2,CD197
CCR7,CD197,CD197
CCR7,CDW197,CD197
CCR7,CMKBR7,CD197
CCR7,EBI1,CD197
CCR7,CCR7,CD197
CCR8,CDW198,CDW198
CCR8,CKRL1,CDW198
CCR8,CMKBR8,CDW198
CCR8,CMKBRL2,CDW198
CCR8,CY6,CDW198
CCR8,GPRCY6,CDW198
CCR8,TER1,CDW198
CCR8,CCR8,CDW198
CCR9,CDW199,CDW199
CCR9,GPR96,CDW199
CCR9,GPR28,CDW199
CCR9,CCR9,CDW199
CD101,IGSF2,CD101
CD101,CD101,CD101
CD109,CPAMD7,CD109
CD109,DKFZP762L1111,CD109
CD109,FLJ38569,CD109
CD109,CD109,CD109
CD14,CD14,CD14
CD151,PETA3,CD151
CD151,RAPH,CD151
CD151,SFA1,CD151
CD151,TSPAN24,CD151
CD151,CD151,CD151
CD160,BY55,CD160
CD160,NK28,CD160
CD160,CD160,CD160
CD163,M130,CD163
CD163,MM130,CD163
CD163,SCARI1,CD163
CD163,CD163,CD163
CD163L1,CD163B,CD163B
CD163L1,M160,CD163B
CD163L1,SCARI2,CD163B
CD163L1,WC1,CD163B
CD163L1,CD163L1,CD163B
CD164,DFNA66,CD164
CD164,MGC24,CD164
CD164,MUC24,CD164
CD164,CD164,CD164
CD164L2,CD164L2,CD164L2
CD177,HNA2A,CD177
CD177,NB1,CD177
CD177,PRV1,CD177
CD177,CD177,CD177
CD177P1,CD177P,CD177P
CD177P1,CD177P1,CD177P
CD180,LY64,CD180
CD180,LY78,CD180
CD180,RP105,CD180
CD180,CD180,CD180
CD19,CD19,CD19
CD1A,CD1A,CD1
CD1B,CD1B,CD1
CD1C,CD1C,CD1
CD1D,CD1D,CD1D
CD1E,CD1E,CD1E
CD2,SRBC,CD2
CD2,CD2,CD2
CD200,MOX1,CD200
CD200,MOX2,CD200
CD200,MRC,CD200
CD200,OX2,CD200
CD200,CD200,CD200
CD200R1,CD200R,CD200R
CD200R1,HCRTR2,CD200R
CD200R1,MOX2R,CD200R
CD200R1,OX2R,CD200R
CD200R1,CD200R1,CD200R
CD200R1L,CD200R2,CD200R2
CD200R1L,CD200RLA,CD200R2
CD200R1L,CD200R1L,CD200R2
CD207,CLEC4K,CD207
CD207,LANGERIN,CD207
CD207,CD207,CD207
CD209,CDSIGN,CD209
CD209,CLEC4L,CD209
CD209,DCSIGN,CD209
CD209,DCSIGN1,CD209
CD209,CD209,CD209
CD22,SIGLEC2,CD22
CD22,CD22,CD22
CD226,DNAM1,CD226
CD226,PTA1,CD226
CD226,TLISA1,CD226
CD226,CD226,CD226
CD24,CD24A,CD24
CD24,CD24,CD24
CD244,2B4,CD244
CD244,NAIL,CD244
CD244,NKR2B4,CD244
CD244,NMRK,CD244
CD244,SLAMF4,CD244
CD244,CD244,CD244
CD247,CD3H,CD3H
CD247,CD3Q,CD3H
CD247,CD3Z,CD3H
CD247,CD247,CD3H
CD248,CD164L1,CD248
CD248,TEM1,CD248
CD248,CD248,CD248
CD24P1,CD24L1,CD24L1
CD24P1,CD24P1,CD24L1
CD24P2,CD24L2,CD24L2
CD24P2,CD24P2,CD24L2
CD24P3,CD24L3,CD24L3
CD24P3,CD24P3,CD24L3
CD24P4,CD24L4,CD24L4
CD24P4,CD24P4,CD24L4
CD27,S152,CD27
CD27,TNFRSF7,CD27
CD27,TP55,CD27
CD27,CD27,CD27
CD27-AS1,CD27AS1,CD27AS1
CD274,B7H,CD274
CD274,B7H1,CD274
CD274,PDL1,CD274
CD274,PDCD1LG1,CD274
CD274,CD274,CD274
CD276,B7H3,CD276
CD276,B7RP2,CD276
CD276,CD276,CD276
CD28,CD28,CD28
CD2AP,CMS,CD2AP
CD2AP,CD2AP,CD2AP
CD2BP2,LIN1,CD2BP2
CD2BP2,PPP1R59,CD2BP2
CD2BP2,SNU40,CD2BP2
CD2BP2,U552K,CD2BP2
CD2BP2,CD2BP2,CD2BP2
CD300A,CMRF35H9,CD300A
CD300A,CMRF35H,CD300A
CD300A,IGSF12,CD300A
CD300A,IRC1,CD300A
CD300A,IRC2,CD300A
CD300A,IRP60,CD300A
CD300A,CD300A,CD300A
CD300C,CMRF35A,CD300C
CD300C,CMRF35,CD300C
CD300C,IGSF16,CD300C
CD300C,LIR,CD300C
CD300C,CD300C,CD300C
CD300E,CD300LE,CD300E
CD300E,CLM2,CD300E
CD300E,IREM2,CD300E
CD300E,CD300E,CD300E
CD300H,CD300H,CD300H
CD300LB,CLM7,CD300LB
CD300LB,TREM5,CD300LB
CD300LB,CD300LB,CD300LB
CD300LD,CD300D,CD300D
CD300LD,CMRF35A4,CD300D
CD300LD,CD300LD,CD300D
CD300LF,CD300F,CD300F
CD300LF,CLM1,CD300F
CD300LF,IGSF13,CD300F
CD300LF,IREM1,CD300F
CD300LF,NKIR,CD300F
CD300LF,CD300LF,CD300F
CD300LG,CLM9,CD300LG
CD300LG,TREM4,CD300LG
CD300LG,CD300LG,CD300LG
CD302,BIMLEC,CD302
CD302,CLEC13A,CD302
CD302,DCL1,CD302
CD302,KIAA0022,CD302
CD302,CD302,CD302
CD320,8D6,CD320
CD320,8D6A,CD320
CD320,CD320,CD320
CD33,FLJ00391,CD33
CD33,P67,CD33
CD33,SIGLEC3,CD33
CD33,CD33,CD33
CD34,CD34,CD34
CD36,GP3B,CD36
CD36,GP4,CD36
CD36,GPIV,CD36
CD36,SCARB3,CD36
CD36,CD36,CD36
CD37,TSPAN26,CD37
CD37,CD37,CD37
CD38,CD38,CD38
CD3D,T3D,CD3D
CD3D,CD3D,CD3D
CD3E,CD3E,CD3E
CD3EAP,ASE1,CD3EAP
CD3EAP,CAST,CD3EAP
CD3EAP,PAF49,CD3EAP
CD3EAP,CD3EAP,CD3EAP
CD3G,CD3G,CD3G
CD4,CD4,CD4
CD40,BP50,CD40
CD40,P50,CD40
CD40,TNFRSF5,CD40
CD40,CD40,CD40
CD40LG,CD154,CD154
CD40LG,CD40L,CD154
CD40LG,GP39,CD154
CD40LG,HCD40L,CD154
CD40LG,HIGM1,CD154
CD40LG,IMD3,CD154
CD40LG,TNFSF5,CD154
CD40LG,TRAP,CD154
CD40LG,CD40LG,CD154
CD44,CD44R,CD44
CD44,CSPG8,CD44
CD44,HCELL,CD44
CD44,MC56,CD44
CD44,MDU2,CD44
CD44,MDU3,CD44
CD44,MIC4,CD44
CD44,PGP1,CD44
CD44,CD44,CD44
CD44-AS1,RP168D184,CD44AS1
CD44-AS1,CD44AS1,CD44AS1
CD46,MCP,CD46
CD46,MGC26544,CD46
CD46,MIC10,CD46
CD46,TLX,CD46
CD46,TRA210,CD46
CD46,CD46,CD46
CD46P1,CD46P,CD46P
CD46P1,MCPL,CD46P
CD46P1,CD46P1,CD46P
CD47,IAP,CD47
CD47,MER6,CD47
CD47,OA3,CD47
CD47,CD47,CD47
CD48,BCM1,CD48
CD48,BLAST,CD48
CD48,HCD48,CD48
CD48,MCD48,CD48
CD48,SLAMF2,CD48
CD48,CD48,CD48
CD5,LEU1,CD5
CD5,CD5,CD5
CD52,CDW52,CD52
CD52,EDDM5,CD52
CD52,HE5,CD52
CD52,CD52,CD52
CD53,MOX44,CD53
CD53,TSPAN25,CD53
CD53,CD53,CD53
CD55,CROM,CD55
CD55,DAF,CD55
CD55,CD55,CD55
CD58,LFA3,CD58
CD58,CD58,CD58
CD59,163A5,CD59
CD59,EJ16,CD59
CD59,EJ30,CD59
CD59,EL32,CD59
CD59,G344,CD59
CD59,MIC11,CD59
CD59,MIN1,CD59
CD59,MIN2,CD59
CD59,MIN3,CD59
CD59,MSK21,CD59
CD59,P1820,CD59
CD59,CD59,CD59
CD5L,API6,CD5L
CD5L,SPALPHA,CD5L
CD5L,CD5L,CD5L
CD6,TP120,CD6
CD6,CD6,CD6
CD63,ME491,CD63
CD63,MLA1,CD63
CD63,TSPAN30,CD63
CD63,CD63,CD63
CD68,DKFZP686M18236,CD68
CD68,GP110,CD68
CD68,LAMP4,CD68
CD68,MACROSIALIN,CD68
CD68,SCARD1,CD68
CD68,CD68,CD68
CD69,CLEC2C,CD69
CD69,CD69,CD69
CD7,GP40,CD7
CD7,LEU9,CD7
CD7,TP40,CD7
CD7,TP41,CD7
CD7,CD7,CD7
CD70,CD27L,CD70
CD70,CD27LG,CD70
CD70,TNFSF7,CD70
CD70,CD70,CD70
CD72,CD72B,CD72
CD72,LYB2,CD72
CD72,CD72,CD72
CD74,DHLAG,CD74
CD74,CD74,CD74
CD79A,IGA,CD79A
CD79A,MB1,CD79A
CD79A,CD79A,CD79A
CD79B,B29,CD79B
CD79B,IGB,CD79B
CD79B,CD79B,CD79B
CD80,B71,CD80
CD80,CD28LG,CD80
CD80,CD28LG1,CD80
CD80,CD80,CD80
CD81,TAPA1,CD81
CD81,TSPAN28,CD81
CD81,CD81,CD81
CD81-AS1,CD81AS1,CD81AS1
CD82,IA4,CD82
CD82,KAI1,CD82
CD82,ST6,CD82
CD82,TSPAN27,CD82
CD82,CD82,CD82
CD83,BL11,CD83
CD83,HB15,CD83
CD83,CD83,CD83
CD83P1,B34I83,CD83P
CD83P1,CD83P,CD83P
CD83P1,HB15P,CD83P
CD83P1,CD83P1,CD83P
CD84,HCD84,CD84
CD84,MCD84,CD84
CD84,SLAMF5,CD84
CD84,CD84,CD84
CD86,B72,CD86
CD86,CD28LG2,CD86
CD86,CD86,CD86
CD8A,CD8,CD8
CD8A,CD8A,CD8
CD8B,CD8B1,CD8B
CD8B,CD8B,CD8B
CD8B2,CD8BP,CD8BP
CD8B2,CD8B2,CD8BP
CD9,BA2,CD9
CD9,MIC3,CD9
CD9,MRP1,CD9
CD9,P24,CD9
CD9,TSPAN29,CD9
CD9,CD9,CD9
CD93,C1QRP,CD93
CD93,C1QR1,CD93
CD93,CDW93,CD93
CD93,DJ737E231,CD93
CD93,ECSM3,CD93
CD93,MXRA4,CD93
CD93,CD93,CD93
CD96,TACTILE,CD96
CD96,CD96,CD96
CD99,MIC2,CD99
CD99,CD99,CD99
CD99L2,CD99B,CD99B
CD99L2,MIC2L1,CD99B
CD99L2,CD99L2,CD99B
CD99P1,CD99L1,CD99L1
CD99P1,CXYORF12,CD99L1
CD99P1,MIC2R,CD99L1
CD99P1,NCRNA00103,CD99L1
CD99P1,CD99P1,CD99L1
CDA,CDD,CDD
CDA,CDA,CDD
CDADC1,NYDSP15,CDADC1
CDADC1,CDADC1,CDADC1
CDAN1,CDAI,CDAI
CDAN1,CDAN1,CDAI
CDAN3,CDAIII,CDAN3
CDAN3,CDAN3,CDAN3
CDB2,CDTB,CDTB
CDB2,CDB2,CDTB
CDC123,C10ORF7,CDC123
CDC123,D123,CDC123
CDC123,CDC123,CDC123
CDC14A,CDC14,CDC14
CDC14A,CDC14A1,CDC14
CDC14A,CDC14A2,CDC14
CDC14A,DFNB105,CDC14
CDC14A,CDC14A,CDC14
CDC14B,CDC14B1,CDC14B
CDC14B,CDC14B3,CDC14B
CDC14B,HCDC14B,CDC14B
CDC14B,CDC14B,CDC14B
CDC14C,CDC14BRETRO,CDC14C
CDC14C,CDC14CP,CDC14C
CDC14C,MGC26484,CDC14C
CDC14C,CDC14C,CDC14C
CDC16,ANAPC6,CDC16
CDC16,APC6,CDC16
CDC16,CUT9,CDC16
CDC16,CDC16,CDC16
CDC20,CDC20A,CDC20
CDC20,P55CDC,CDC20
CDC20,CDC20,CDC20
CDC20B,FLJ37927,CDC20B
CDC20B,CDC20B,CDC20B
CDC20P1,CDC20P,CDC20P
CDC20P1,OTTHUMG00000020142,CDC20P
CDC20P1,CDC20P1,CDC20P
CDC23,ANAPC8,CDC23
CDC23,APC8,CDC23
CDC23,CUT23,CDC23
CDC23,CDC23,CDC23
CDC25A,CDC25A,CDC25A
CDC25B,CDC25B,CDC25B
CDC25C,PPP1R60,CDC25
CDC25C,CDC25C,CDC25
CDC26,ANAPC12,CDC26
CDC26,APC12,CDC26
CDC26,C9ORF17,CDC26
CDC26,CDC26,CDC26
CDC26P1,CDC26P,CDC26P
CDC26P1,TCAG_1970866,CDC26P
CDC26P1,CDC26P1,CDC26P
CDC27,ANAPC3,CDC27
CDC27,APC3,CDC27
CDC27,D0S1430E,CDC27
CDC27,D17S978E,CDC27
CDC27,NUC2,CDC27
CDC27,CDC27,CDC27
CDC27P1,CDC27P1,CDC27P1
CDC27P10,CDC27P10,CDC27P10
CDC27P11,CDC27P11,CDC27P11
CDC27P2,CDC27P2,CDC27P2
CDC27P3,CDC27P3,CDC27P3
CDC27P4,CDC27P4,CDC27P4
CDC27P5,CDC27P5,CDC27P5
CDC27P6,CDC27P6,CDC27P6
CDC27P7,CDC27P7,CDC27P7
CDC27P8,CDC27P8,CDC27P8
CDC27P9,CDC27P9,CDC27P9
CDC34,E2CDC34,CDC34
CDC34,UBC3,CDC34
CDC34,UBE2R1,CDC34
CDC34,CDC34,CDC34
CDC37,P50CDC37,CDC37
CDC37,CDC37,CDC37
CDC37L1,CDC37B,CDC37B
CDC37L1,FLJ20639,CDC37B
CDC37L1,HARC,CDC37B
CDC37L1,CDC37L1,CDC37B
CDC37L1-DT,CDC37L1AS1,CDC37L1DT
CDC37L1-DT,CDC37L1DT,CDC37L1DT
CDC37P1,A761H52,CDC37P1
CDC37P1,CDC37P1,CDC37P1
CDC37P2,CDC37P2,CDC37P2
CDC40,EHB3,CDC40
CDC40,FLJ10564,CDC40
CDC40,PRP17,CDC40
CDC40,PRPF17,CDC40
CDC40,CDC40,CDC40
CDC42,CDC42HS,CDC42
CDC42,G25K,CDC42
CDC42,CDC42,CDC42
CDC42-IT1,CDC42IT1,CDC42IT1
CDC42BPA,FLJ23347,CDC42BPA
CDC42BPA,KIAA0451,CDC42BPA
CDC42BPA,MRCK,CDC42BPA
CDC42BPA,MRCKA,CDC42BPA
CDC42BPA,PK428,CDC42BPA
CDC42BPA,CDC42BPA,CDC42BPA
CDC42BPB,KIAA1124,CDC42BPB
CDC42BPB,MRCKB,CDC42BPB
CDC42BPB,CDC42BPB,CDC42BPB
CDC42BPG,DMPK2,CDC42BPG
CDC42BPG,HSMDPKIN,CDC42BPG
CDC42BPG,KAPPA200,CDC42BPG
CDC42BPG,MRCKGAMMA,CDC42BPG
CDC42BPG,CDC42BPG,CDC42BPG
CDC42EP1,BORG5,CDC42EP1
CDC42EP1,CEP1,CDC42EP1
CDC42EP1,MSE55,CDC42EP1
CDC42EP1,CDC42EP1,CDC42EP1
CDC42EP2,BORG1,CDC42EP2
CDC42EP2,CEP2,CDC42EP2
CDC42EP2,CDC42EP2,CDC42EP2
CDC42EP3,BORG2,CDC42EP3
CDC42EP3,CEP3,CDC42EP3
CDC42EP3,UB1,CDC42EP3
CDC42EP3,CDC42EP3,CDC42EP3
CDC42EP3P1,CDC42EP3P1,CDC42EP3P1
CDC42EP4,BORG4,CDC42EP4
CDC42EP4,CEP4,CDC42EP4
CDC42EP4,KAIA1777,CDC42EP4
CDC42EP4,MGC17125,CDC42EP4
CDC42EP4,MGC3740,CDC42EP4
CDC42EP4,CDC42EP4,CDC42EP4
CDC42EP5,BORG3,CDC42EP5
CDC42EP5,CEP5,CDC42EP5
CDC42EP5,CDC42EP5,CDC42EP5
CDC42P1,BK3216D23,CDC42P1
CDC42P1,CDC42P1,CDC42P1
CDC42P2,CDC42P2,CDC42P2
CDC42P3,CDC42P3,CDC42P3
CDC42P4,CDC42P4,CDC42P4
CDC42P5,CDC42P5,CDC42P5
CDC42P6,CDC42P6,CDC42P6
CDC42SE1,SCIP1,CDC42SE1
CDC42SE1,SPEC1,CDC42SE1
CDC42SE1,CDC42SE1,CDC42SE1
CDC42SE2,FLJ21967,CDC42SE2
CDC42SE2,SPEC2,CDC42SE2
CDC42SE2,CDC42SE2,CDC42SE2
CDC45,CDC45L,CDC45
CDC45,CDC45L2,CDC45
CDC45,CDC45,CDC45
CDC5L,CDC5,CDC5
CDC5L,CEF1,CDC5
CDC5L,HCDC5,CDC5
CDC5L,PCDC5RP,CDC5
CDC5L,CDC5L,CDC5
CDC6,CDC18L,CDC6
CDC6,CDC6,CDC6
CDC7,CDC7L1,CDC7
CDC7,HSCDC7,CDC7
CDC7,HSK1,CDC7
CDC7,HUCDC7,CDC7
CDC7,CDC7,CDC7
CDC73,C1ORF28,CDC73
CDC73,FIHP,CDC73
CDC73,HRPT1,CDC73
CDC73,HRPT2,CDC73
CDC73,PARAFIBROMIN,CDC73
CDC73,CDC73,CDC73
CDCA2,PPP1R81,CDCA2
CDCA2,REPOMAN,CDCA2
CDCA2,CDCA2,CDCA2
CDCA3,GRCC8,CDCA3
CDCA3,TOME1,CDCA3
CDCA3,CDCA3,CDCA3
CDCA4,FLJ20764,CDCA4
CDCA4,HEPP,CDCA4
CDCA4,CDCA4,CDCA4
CDCA4P1,CDCA4P1,CDCA4P1
CDCA4P2,CDCA4P2,CDCA4P2
CDCA4P3,CDCA4P3,CDCA4P3
CDCA4P4,CDCA4P4,CDCA4P4
CDCA5,CDCA5,CDCA5
CDCA7,FLJ14736,CDCA7
CDCA7,JPO1,CDCA7
CDCA7,CDCA7,CDCA7
CDCA7L,JPO2,CDCA7L
CDCA7L,RAM2,CDCA7L
CDCA7L,CDCA7L,CDCA7L
CDCA8,BOR,CDCA8
CDCA8,DASRAB,CDCA8
CDCA8,FLJ12042,CDCA8
CDCA8,MESRGP,CDCA8
CDCA8,CDCA8,CDCA8
CDCP1,CD318,CD318
CDCP1,SIMA135,CD318
CDCP1,CDCP1,CD318
CDCP2,CDCP2,CDCP2
CDH1,CD324,CDH1
CDH1,UVO,CDH1
CDH1,UVOMORULIN,CDH1
CDH10,CDH10,CDH10
CDH11,CAD11,CDH11
CDH11,CDH11,CDH11
CDH12,BRCADHERIN,CDHB
CDH12,CDHB,CDHB
CDH12,CDH12,CDHB
CDH12P1,CDH12P1,CDH12P1
CDH12P2,C41CAD,CDH12P
CDH12P2,CDH12P,CDH12P
CDH12P2,CDH12P2,CDH12P
CDH12P3,CDH12P3,CDH12P3
CDH12P4,CDH12P4,CDH12P4
CDH13,CDHH,CDHH
CDH13,CDH13,CDHH
CDH15,CDH15,CDH3
CDH16,CDH16,CDH16
CDH17,CADHERIN,CDH17
CDH17,HPT1,CDH17
CDH17,CDH17,CDH17
CDH18,EYCADHERIN,CDH14
CDH18,CDH18,CDH14
CDH18-AS1,CDH18AS1,CDH18AS1
CDH19,CDH19,CDH7
CDH2,CD325,CDHN
CDH2,CDHN,CDHN
CDH2,NCAD,CDHN
CDH2,CDH2,CDHN
CDH20,CDH7L3,CDH7
CDH22,C20ORF25,CDH22
CDH22,DJ998H61,CDH22
CDH22,CDH22,CDH22
CDH23,CDHR23,CDH23
CDH23,DFNB12,CDH23
CDH23,USH1D,CDH23
CDH23,CDH23,CDH23
CDH23-AS1,BA327E23,CDH23AS1
CDH23-AS1,C10ORF106,CDH23AS1
CDH23-AS1,NCRNA00223,CDH23AS1
CDH23-AS1,CDH23AS1,CDH23AS1
CDH24,CDH11L,CDH24
CDH24,CDH24,CDH24
CDH26,VR20,CDH26
CDH26,CDH26,CDH26
CDH3,CDHP,CDH3
CDH3,PCAD,CDH3
CDH4,CDH4,CDH4
CDH5,7B4,CDH5
CDH5,CD144,CDH5
CDH5,CDH5,CDH5
CDH6,CDH6,CDH6
CDH8,CDH8,CDH8
CDH9,CDH9,CDH9
CDHR1,CORD15,CDHR1
CDHR1,KIAA1775,CDHR1
CDHR1,PCDH21,CDHR1
CDHR1,RP65,CDHR1
CDHR1,CDHR1,CDHR1
CDHR2,FLJ20124,CDHR2
CDHR2,FLJ20383,CDHR2
CDHR2,PCLKC,CDHR2
CDHR2,PCDH24,CDHR2
CDHR2,CDHR2,CDHR2
CDHR3,CDH28,CDH28
CDHR3,FLJ23834,CDH28
CDHR3,FLJ44366,CDH28
CDHR3,CDHR3,CDH28
CDHR4,CDH29,CDH29
CDHR4,VLLR9392,CDH29
CDHR4,CDHR4,CDH29
CDHR5,FLJ20219,CDHR5
CDHR5,MUPCDH,CDHR5
CDHR5,MUCDHL,CDHR5
CDHR5,CDHR5,CDHR5
CDIP1,C16ORF5,CDIP
CDIP1,CDIP,CDIP
CDIP1,LITAFL,CDIP
CDIP1,CDIP1,CDIP
CDIPT,PIS,CDIPT
CDIPT,PIS1,CDIPT
CDIPT,CDIPT,CDIPT
CDIPTOSP,CDIPTAS1,CDIPTAS1
CDIPTOSP,CDIPTOSP,CDIPTAS1
CDK1,CDC28A,CDC2
CDK1,CDK1,CDC2
CDK10,PISSLRE,CDK10
CDK10,CDK10,CDK10
CDK11A,CDC2L2,CDC2L2
CDK11A,CDC2L3,CDC2L2
CDK11A,P58GTA,CDC2L2
CDK11A,PITSLRE,CDC2L2
CDK11A,CDK11A,CDC2L2
CDK11B,CDC2L1,CDC2L1
CDK11B,CDK11B,CDC2L1
CDK12,CRK7,CDK12
CDK12,CRKR,CDK12
CDK12,CRKRS,CDK12
CDK12,KIAA0904,CDK12
CDK12,CDK12,CDK12
CDK13,CDC2L,CDC2L
CDK13,CDC2L5,CDC2L
CDK13,CHED,CDC2L
CDK13,KIAA1791,CDC2L
CDK13,CDK13,CDC2L
CDK14,PFTAIRE1,CDK14
CDK14,PFTK1,CDK14
CDK14,CDK14,CDK14
CDK15,ALS2CR7,CDK15
CDK15,PFTAIRE2,CDK15
CDK15,PFTK2,CDK15
CDK15,CDK15,CDK15
CDK16,FLJ16665,CDK16
CDK16,PCTAIRE,CDK16
CDK16,PCTAIRE1,CDK16
CDK16,PCTGAIRE,CDK16
CDK16,PCTK1,CDK16
CDK16,CDK16,CDK16
CDK17,PCTAIRE2,CDK17
CDK17,PCTK2,CDK17
CDK17,CDK17,CDK17
CDK18,PCTAIRE3,CDK18
CDK18,PCTK3,CDK18
CDK18,CDK18,CDK18
CDK19,BA346C163,CDK11
CDK19,CDC2L6,CDK11
CDK19,CDK11,CDK11
CDK19,KIAA1028,CDK11
CDK19,CDK19,CDK11
CDK2,CDK2,CDK2
CDK20,CCRK,CDK20
CDK20,P42,CDK20
CDK20,CDK20,CDK20
CDK2AP1,DOC1,CDK2AP1
CDK2AP1,DORC1,CDK2AP1
CDK2AP1,P12DOC1,CDK2AP1
CDK2AP1,ST19,CDK2AP1
CDK2AP1,CDK2AP1,CDK2AP1
CDK2AP2,DOC1R,CDK2AP2
CDK2AP2,CDK2AP2,CDK2AP2
CDK2AP2P1,CDK2AP2P1,CDK2AP2P1
CDK2AP2P2,CDK2AP2P2,CDK2AP2P2
CDK2AP2P3,CDK2AP2P3,CDK2AP2P3
CDK3,CDK3,CDK3
CDK4,PSKJ3,CDK4
CDK4,CDK4,CDK4
CDK4P1,CDK4PS,CDK4PS
CDK4P1,CDK4P1,CDK4PS
CDK5,PSSALRE,CDK5
CDK5,CDK5,CDK5
CDK5P1,CDK5PS,CDK5PS
CDK5P1,CDK5P1,CDK5PS
CDK5R1,NCK5A,CDK5R1
CDK5R1,P35,CDK5R1
CDK5R1,P35NCK5A,CDK5R1
CDK5R1,CDK5R1,CDK5R1
CDK5R2,NCK5AI,CDK5R2
CDK5R2,P39,CDK5R2
CDK5R2,P39NCK5AI,CDK5R2
CDK5R2,CDK5R2,CDK5R2
CDK5RAP1,C20ORF34,CDK5RAP1
CDK5RAP1,C42,CDK5RAP1
CDK5RAP1,CGI05,CDK5RAP1
CDK5RAP1,HSPC167,CDK5RAP1
CDK5RAP1,CDK5RAP1,CDK5RAP1
CDK5RAP2,C48,CDK5RAP2
CDK5RAP2,CEP215,CDK5RAP2
CDK5RAP2,FLJ10867,CDK5RAP2
CDK5RAP2,MCPH3,CDK5RAP2
CDK5RAP2,CDK5RAP2,CDK5RAP2
CDK5RAP3,C53,CDK5RAP3
CDK5RAP3,FLJ13660,CDK5RAP3
CDK5RAP3,HSF27,CDK5RAP3
CDK5RAP3,IC53,CDK5RAP3
CDK5RAP3,LZAP,CDK5RAP3
CDK5RAP3,MST016,CDK5RAP3
CDK5RAP3,OKSWCL114,CDK5RAP3
CDK5RAP3,CDK5RAP3,CDK5RAP3
CDK6,PLSTIRE,CDK6
CDK6,CDK6,CDK6
CDK7,CAK1,CDK7
CDK7,CDKN7,CDK7
CDK7,MO15,CDK7
CDK7,CDK7,CDK7
CDK7P1,CDK7PS,CDK7PS
CDK7P1,CDK7P1,CDK7PS
CDK8,K35,CDK8
CDK8,CDK8,CDK8
CDK8P1,CDK8PS,CDK8PS
CDK8P1,CDK8P1,CDK8PS
CDK8P2,CDK8P2,CDK8P2
CDK9,C2K,CDK9
CDK9,CDC2L4,CDK9
CDK9,PITALRE,CDK9
CDK9,TAK,CDK9
CDK9,CDK9,CDK9
CDKAL1,FLJ20342,CDKAL1
CDKAL1,CDKAL1,CDKAL1
CDKL1,KKIALRE,CDKL1
CDKL1,CDKL1,CDKL1
CDKL2,KKIAMRE,CDKL2
CDKL2,P56,CDKL2
CDKL2,CDKL2,CDKL2
CDKL3,NKIAMRE,CDKL3
CDKL3,CDKL3,CDKL3
CDKL4,CDKL4,CDKL4
CDKL5,CFAP247,CDKL5
CDKL5,EIEE2,CDKL5
CDKL5,STK9,CDKL5
CDKL5,CDKL5,CDKL5
CDKN1A,CAP20,CDKN1
CDKN1A,CDKN1,CDKN1
CDKN1A,CIP1,CDKN1
CDKN1A,P21,CDKN1
CDKN1A,P21CIP1,CDKN1
CDKN1A,P21CIP1WAF1,CDKN1
CDKN1A,SDI1,CDKN1
CDKN1A,WAF1,CDKN1
CDKN1A,CDKN1A,CDKN1
CDKN1A-AS1,P21NAT,CDKN1AAS1
CDKN1A-AS1,CDKN1AAS1,CDKN1AAS1
CDKN1B,KIP1,CDKN1B
CDKN1B,P27KIP1,CDKN1B
CDKN1B,CDKN1B,CDKN1B
CDKN1C,BWCR,CDKN1C
CDKN1C,BWS,CDKN1C
CDKN1C,KIP2,CDKN1C
CDKN1C,P57,CDKN1C
CDKN1C,CDKN1C,CDKN1C
CDKN2A,ARF,CDK4I
CDKN2A,CDKN2,CDK4I
CDKN2A,CMM2,CDK4I
CDKN2A,INK4,CDK4I
CDKN2A,INK4A,CDK4I
CDKN2A,MLM,CDK4I
CDKN2A,MTS1,CDK4I
CDKN2A,P14ARF,CDK4I
CDKN2A,P16,CDK4I
CDKN2A,P16INK4A,CDK4I
CDKN2A,P19ARF,CDK4I
CDKN2A,CDKN2A,CDK4I
CDKN2A-DT,BA149I23,CDKN2ADT
CDKN2A-DT,C9ORF53,CDKN2ADT
CDKN2A-DT,CDKN2AAS1,CDKN2ADT
CDKN2A-DT,CDKN2ADT,CDKN2ADT
CDKN2AIP,CARF,CDKN2AIP
CDKN2AIP,FLJ20036,CDKN2AIP
CDKN2AIP,CDKN2AIP,CDKN2AIP
CDKN2AIPNL,MGC13017,CDKN2AIPNL
CDKN2AIPNL,CDKN2AIPNL,CDKN2AIPNL
CDKN2AIPNLP1,CDKN2AIPNLP1,CDKN2AIPNLP1
CDKN2AIPNLP2,CDKN2AIPNLP2,CDKN2AIPNLP2
CDKN2AIPNLP3,CDKN2AIPNLP3,CDKN2AIPNLP3
CDKN2B,INK4B,CDK4I
CDKN2B,MTS2,CDK4I
CDKN2B,P15,CDK4I
CDKN2B,P15INK4B,CDK4I
CDKN2B,TP15,CDK4I
CDKN2B,CDKN2B,CDK4I
CDKN2B-AS1,ANRIL,CDKN2BAS
CDKN2B-AS1,CDKN2BAS,CDKN2BAS
CDKN2B-AS1,NCRNA00089,CDKN2BAS
CDKN2B-AS1,P15AS,CDKN2BAS
CDKN2B-AS1,PCAT12,CDKN2BAS
CDKN2B-AS1,RP11145E54,CDKN2BAS
CDKN2B-AS1,CDKN2BAS1,CDKN2BAS
CDKN2C,INK4C,CDKN2C
CDKN2C,P18,CDKN2C
CDKN2C,CDKN2C,CDKN2C
CDKN2D,INK4D,CDKN2D
CDKN2D,CDKN2D,CDKN2D
CDKN3,CDI1,CDI1
CDKN3,KAP,CDI1
CDKN3,CDKN3,CDI1
CDL1,CDL,CDL
CDL1,CDL1,CDL
CDL2,CDL2,CDL2
CDNF,ARMETL1,CDNF
CDNF,CDNF,CDNF
CDO1,CDO1,CDO1
CDON,CDO,CDO
CDON,CDON1,CDO
CDON,ORCAM,CDO
CDON,CDON,CDO
CDPF1,C22ORF40,CDPF1
CDPF1,LOC150383,CDPF1
CDPF1,CDPF1,CDPF1
CDR1,CDR34,CDR
CDR1,CDR62A,CDR
CDR1,CDR1,CDR
CDR1-AS,CDR1AS,CDR1AS
CDR1-AS,CDR1NAT,CDR1AS
CDR1-AS,CIRS7,CDR1AS
CDR2,CDR62,CDR2
CDR2,CDR2,CDR2
CDR2L,HUMPPA,CDR2L
CDR2L,CDR2L,CDR2L
CDRT1,FBXW10B,CDRT1
CDRT1,FBXW10P1,CDRT1
CDRT1,HREP,CDRT1
CDRT1,SM25H2,CDRT1
CDRT1,CDRT1,CDRT1
CDRT10,CDRT10,CDRT10
CDRT11,CDRT11,CDRT11
CDRT12,CDRT12,CDRT12
CDRT13,CDRT13,CDRT13
CDRT15,CDRT15,CDRT15
CDRT15L2,CDRT15L2,CDRT15L2
CDRT15P1,CDRT15P,CDRT15P
CDRT15P1,CDRT15P1,CDRT15P
CDRT15P2,CDRT15L1,CDRT15L1
CDRT15P2,CDRT15P2,CDRT15L1
CDRT2,CDRT2,CDRT2
CDRT3,CDRT3,CDRT3
CDRT4,FLJ36674,CDRT4
CDRT4,CDRT4,CDRT4
CDRT5,CDRT5,CDRT5
CDRT7,LINC00025,CDRT7
CDRT7,NCRNA00025,CDRT7
CDRT7,CDRT7,CDRT7
CDRT8,CDRT8,CDRT8
CDS2,CDS2,CDS2
CDSN,D6S586E,CDSN
CDSN,CDSN,CDSN
CDT1,DUP,CDT1
CDT1,RIS2,CDT1
CDT1,CDT1,CDT1
CDV3,H41,CDV3
CDV3,CDV3,CDV3
CDV3P1,CDV3P1,CDV3P1
CDX1,CDX1,CDX1
CDX2,CDX3,CDX3
CDX2,CDX2,CDX3
CDX4,CDX4,CDX4
CDY1,CDY1A,CDY1
CDY1,CDY1,CDY1
CDY10P,CDY10P,CDY10P
CDY11P,CDY11P,CDY11P
CDY12P,CDY12P,CDY12P
CDY13P,CDY13P,CDY13P
CDY14P,CDY14P,CDY14P
CDY15P,CDY15P,CDY15P
CDY16P,CDY16P,CDY16P
CDY17P,CDY17P,CDY17P
CDY18P,CDY18P,CDY18P
CDY19P,CDY19P,CDY19P
CDY1B,CDY1B,CDY1B
CDY20P,CDY20P,CDY20P
CDY21P,CDY21P,CDY21P
CDY22P,CDY22P,CDY22P
CDY23P,CDY23P,CDY23P
CDY2A,CDY2,CDY2
CDY2A,CDY2A,CDY2
CDY2B,CDY,CDY
CDY2B,CDY2B,CDY
CDY3P,CDY3P,CDY3P
CDY4P,CDY4P,CDY4P
CDY5P,CDY5P,CDY5P
CDY6P,CDY6P,CDY6P
CDY7P,CDY7P,CDY7P
CDY8P,CDY8P,CDY8P
CDY9P,CDY9P,CDY9P
CDYL,CDYL1,CDYL
CDYL,DKFZP586C1622,CDYL
CDYL,CDYL,CDYL
CDYL2,FLJ38866,CDYL2
CDYL2,CDYL2,CDYL2
CDYLP1,CDYLP1,CDYLP1
CEACAM1,BGP,CD66A
CEACAM1,BGP1,CD66A
CEACAM1,CD66A,CD66A
CEACAM1,CEACAM1,CD66A
CEACAM3,CD66D,CD66D
CEACAM3,CGM1,CD66D
CEACAM3,CEACAM3,CD66D
CEACAM5,CD66E,CD66E
CEACAM5,CEA,CD66E
CEACAM5,CEACAM5,CD66E
CEACAM6,CD66C,CD66C
CEACAM6,NCA,CD66C
CEACAM6,CEACAM6,CD66C
CEACAM8,CD66B,CD66B
CEACAM8,CGM6,CD66B
CEACAM8,CEACAM8,CD66B
CELSR1,ADGRC1,CDHF9
CELSR1,CDHF9,CDHF9
CELSR1,FMI2,CDHF9
CELSR1,HFMI2,CDHF9
CELSR1,ME2,CDHF9
CELSR1,CELSR1,CDHF9
CELSR2,ADGRC2,CDHF10
CELSR2,CDHF10,CDHF10
CELSR2,EGFL2,CDHF10
CELSR2,FLAMINGO1,CDHF10
CELSR2,KIAA0279,CDHF10
CELSR2,MEGF3,CDHF10
CELSR2,CELSR2,CDHF10
CELSR3,ADGRC3,CDHF11
CELSR3,CDHF11,CDHF11
CELSR3,EGFL1,CDHF11
CELSR3,FMI1,CDHF11
CELSR3,HFMI1,CDHF11
CELSR3,MEGF2,CDHF11
CELSR3,CELSR3,CDHF11
CHEK2,BA444G7,CDS1
CHEK2,CHK2,CDS1
CHEK2,HUCDS1,CDS1
CHEK2,PP1425,CDS1
CHEK2,RAD53,CDS1
CHEK2,CHEK2,CDS1
CLEC10A,CD301,CD301
CLEC10A,CLECSF13,CD301
CLEC10A,CLECSF14,CD301
CLEC10A,HML,CD301
CLEC10A,HML2,CD301
CLEC10A,CLEC10A,CD301
CLEC12A,CD371,CD371
CLEC12A,CLL1,CD371
CLEC12A,DCAL2,CD371
CLEC12A,MICL,CD371
CLEC12A,CLEC12A,CD371
CLEC4A,CD367,CD367
CLEC4A,CLECSF6,CD367
CLEC4A,DCIR,CD367
CLEC4A,DDB27,CD367
CLEC4A,CLEC4A,CD367
CLEC4C,BDCA2,CD303
CLEC4C,CD303,CD303
CLEC4C,CLECSF11,CD303
CLEC4C,CLECSF7,CD303
CLEC4C,DLEC,CD303
CLEC4C,HECL,CD303
CLEC4C,CLEC4C,CD303
CLEC4D,CD368,CD368
CLEC4D,CLECSF8,CD368
CLEC4D,DECTIN3,CD368
CLEC4D,MCL,CD368
CLEC4D,MPCL,CD368
CLEC4D,CLEC4D,CD368
CLEC4M,CD209L,CD299
CLEC4M,CD299,CD299
CLEC4M,DCSIGN2,CD299
CLEC4M,DCSIGNR,CD299
CLEC4M,HP10347,CD299
CLEC4M,LSIGN,CD299
CLEC4M,CLEC4M,CD299
CLEC7A,CD369,CD369
CLEC7A,CLECSF12,CD369
CLEC7A,DECTIN1,CD369
CLEC7A,HDECTIN1,CD369
CLEC7A,SCARE2,CD369
CLEC7A,CLEC7A,CD369
CLEC9A,CD370,CD370
CLEC9A,DNGR1,CD370
CLEC9A,HEEE9341,CD370
CLEC9A,UNQ9341,CD370
CLEC9A,CLEC9A,CD370
CLSTN1,CDHR12,CDHR12
CLSTN1,CSTN1,CDHR12
CLSTN1,KIAA0911,CDHR12
CLSTN1,CLSTN1,CDHR12
CLSTN2,CDHR13,CDHR13
CLSTN2,CS2,CDHR13
CLSTN2,CSTN2,CDHR13
CLSTN2,FLJ39113,CDHR13
CLSTN2,CLSTN2,CDHR13
CLSTN3,CDHR14,CDHR14
CLSTN3,CSTN3,CDHR14
CLSTN3,KIAA0726,CDHR14
CLSTN3,CLSTN3,CDHR14
CMD1F,CDCD3,CDCD3
CMD1F,LGMD1E,CDCD3
CMD1F,CMD1F,CDCD3
CNOT1,AD005,CDC39
CNOT1,CDC39,CDC39
CNOT1,KIAA1007,CDC39
CNOT1,NOT1,CDC39
CNOT1,NOT1H,CDC39
CNOT1,CNOT1,CDC39
CNOT2,CDC36,CDC36
CNOT2,NOT2,CDC36
CNOT2,NOT2H,CDC36
CNOT2,CNOT2,CDC36
COL11A2P1,CD0826Q11,CD0826Q11
COL11A2P1,COL11A2P,CD0826Q11
COL11A2P1,COL11A2P1,CD0826Q11
CR1,CD35,CD35
CR1,CR1,CD35
CR2,C3DR,CD21
CR2,CD21,CD21
CR2,CR2,CD21
CRTAM,CD355,CD355
CRTAM,CRTAM,CD355
CSF1R,CFMS,CD115
CSF1R,CD115,CD115
CSF1R,CSFR,CD115
CSF1R,FMS,CD115
CSF1R,CSF1R,CD115
CSF2RA,ALPHAGMR,CD116
CSF2RA,CD116,CD116
CSF2RA,CSF2R,CD116
CSF2RA,CSF2RA,CD116
CSF2RB,BETAGMR,CD131
CSF2RB,CD131,CD131
CSF2RB,IL3RB,CD131
CSF2RB,IL5RB,CD131
CSF2RB,CSF2RB,CD131
CSF3R,CD114,CD114
CSF3R,GCSFR,CD114
CSF3R,CSF3R,CD114
CTLA4,CD152,CD152
CTLA4,CELIAC3,CD152
CTLA4,GSE,CD152
CTLA4,IDDM12,CD152
CTLA4,CTLA4,CD152
CUX1,CASP,CDP
CUX1,CDP,CDP
CUX1,CDPCUT,CDP
CUX1,CDPCUX,CDP
CUX1,CDP1,CDP
CUX1,CLOX,CDP
CUX1,CUT,CDP
CUX1,CUTL1,CDP
CUX1,CUX,CDP
CUX1,CUXCDP,CDP
CUX1,GOLIM6,CDP
CUX1,CUX1,CDP
CUX2,CDP2,CDP2
CUX2,CUTL2,CDP2
CUX2,KIAA0293,CDP2
CUX2,CUX2,CDP2
CXCR1,CD181,CD181
CXCR1,CDW128A,CD181
CXCR1,CMKAR1,CD181
CXCR1,IL8RA,CD181
CXCR1,CXCR1,CD181
CXCR2,CD182,CD182
CXCR2,CMKAR2,CD182
CXCR2,IL8RB,CD182
CXCR2,CXCR2,CD182
CXCR3,CD183,CD183
CXCR3,CKRL2,CD183
CXCR3,CMKAR3,CD183
CXCR3,GPR9,CD183
CXCR3,IP10R,CD183
CXCR3,MIGR,CD183
CXCR3,CXCR3,CD183
CXCR4,CD184,CD184
CXCR4,D2S201E,CD184
CXCR4,FUSIN,CD184
CXCR4,HM89,CD184
CXCR4,HSY3RR,CD184
CXCR4,LESTR,CD184
CXCR4,NPY3R,CD184
CXCR4,NPYR,CD184
CXCR4,NPYY3R,CD184
CXCR4,CXCR4,CD184
CXCR5,BLR1,CD185
CXCR5,CD185,CD185
CXCR5,MDR15,CD185
CXCR5,CXCR5,CD185
CXCR6,BONZO,CD186
CXCR6,CD186,CD186
CXCR6,STRL33,CD186
CXCR6,TYMSTR,CD186
CXCR6,CXCR6,CD186
DCHS1,CDH25,CDH25
DCHS1,CDHR6,CDH25
DCHS1,FIB1,CDH25
DCHS1,FLJ11790,CDH25
DCHS1,KIAA1773,CDH25
DCHS1,PCDH16,CDH25
DCHS1,DCHS1,CDH25
DCHS2,CDH27,CDHJ
DCHS2,CDHJ,CDHJ
DCHS2,CDHR7,CDHJ
DCHS2,FLJ20047,CDHJ
DCHS2,PCDH23,CDHJ
DCHS2,PCDHJ,CDHJ
DCHS2,DCHS2,CDHJ
DCTPP1,CDA03,CDA03
DCTPP1,MGC5627,CDA03
DCTPP1,RS21C6,CDA03
DCTPP1,XTP3TPA,CDA03
DCTPP1,DCTPP1,CDA03
DDR1,CD167,CD167
DDR1,EDDR1,CD167
DDR1,NTRK4,CD167
DDR1,PTK3A,CD167
DDR1,RTK6,CD167
DDR1,DDR1,CD167
DPAGT1,ALG7,CDGIJ
DPAGT1,CDGIJ,CDGIJ
DPAGT1,D11S366,CDGIJ
DPAGT1,DGPT,CDGIJ
DPAGT1,DPAGT,CDGIJ
DPAGT1,DPAGT2,CDGIJ
DPAGT1,GPT,CDGIJ
DPAGT1,DPAGT1,CDGIJ
DPM1,CDGIE,CDGIE
DPM1,MPDS,CDGIE
DPM1,DPM1,CDGIE
DPP4,ADCP2,CD26
DPP4,CD26,CD26
DPP4,DPPIV,CD26
DPP4,DPP4,CD26
DSC1,CDHF1,CDHF1
DSC2,CDHF2,CDHF2
DSC3,CDHF3,CDHF3
DSC3,DSC,CDHF3
DSC3,DSC4,CDHF3
DSG1,CDHF4,CDHF4
DSG1,DSG,CDHF4
DSG1,DSG1,CDHF4
DSG2,CDHF5,CDHF5
DSG2,DSG2,CDHF5
DSG3,CDHF6,CDHF6
DSG3,DSG3,CDHF6
DSG4,CDHF13,CDHF13
DSG4,LAH,CDHF13
DSG4,DSG4,CDHF13
DTL,CDT2,CDT2
DTL,DCAF2,CDT2
DTL,L2DTL,CDT2
DTL,RAMP,CDT2
DTL,DTL,CDT2
DTYMK,CDC8,CDC8
DTYMK,TMPK,CDC8
DTYMK,TYMK,CDC8
DTYMK,DTYMK,CDC8
EBP,CDPX2,CDPX2
EBP,CHO2,CDPX2
EBP,CPX,CDPX2
EBP,CPXD,CDPX2
EBP,EBP,CDPX2
ENG,CD105,CD105
ENG,END,CD105
ENG,HHT1,CD105
ENG,ORW,CD105
ENG,ORW1,CD105
ENG,ENG,CD105
ENPEP,CD249,CD249
ENPEP,GP160,CD249
ENPEP,ENPEP,CD249
ENPP3,B10,CD203C
ENPP3,CD203C,CD203C
ENPP3,GP130RB136,CD203C
ENPP3,PDIBETA,CD203C
ENPP3,PDNP3,CD203C
ENPP3,ENPP3,CD203C
ENTPD1,ATPDASE,CD39
ENTPD1,CD39,CD39
ENTPD1,NTPDASE1,CD39
ENTPD1,SPG64,CD39
ENTPD1,ENTPD1,CD39
ENTPD2,CD39L1,CD39L1
ENTPD2,NTPDASE2,CD39L1
ENTPD2,ENTPD2,CD39L1
ENTPD3,CD39L3,CD39L3
ENTPD3,HB6,CD39L3
ENTPD3,NTPDASE3,CD39L3
ENTPD3,ENTPD3,CD39L3
ENTPD5,CD39L4,CD39L4
ENTPD5,NTPDASE5,CD39L4
ENTPD5,PCPH,CD39L4
ENTPD5,ENTPD5,CD39L4
ENTPD6,CD39L2,CD39L2
ENTPD6,DJ738P153,CD39L2
ENTPD6,IL6ST2,CD39L2
ENTPD6,NTPDASE6,CD39L2
ENTPD6,ENTPD6,CD39L2
EPCAM,171A,CD326
EPCAM,323A3,CD326
EPCAM,CD326,CD326
EPCAM,CO17A,CD326
EPCAM,EGP2,CD326
EPCAM,EGP34,CD326
EPCAM,EGP40,CD326
EPCAM,EPCAM,CD326
EPCAM,ESA,CD326
EPCAM,GA7332,CD326
EPCAM,HEA125,CD326
EPCAM,KS14,CD326
EPCAM,KSA,CD326
EPCAM,LY74,CD326
EPCAM,M4S1,CD326
EPCAM,MH99,CD326
EPCAM,MIC18,CD326
EPCAM,MK1,CD326
EPCAM,MOC31,CD326
EPCAM,TACST1,CD326
EPCAM,TACSTD1,CD326
EPCAM,TROP1,CD326
ERBB2,CD340,CD340
ERBB2,HER2,CD340
ERBB2,NEU,CD340
ERBB2,NGL,CD340
ERBB2,ERBB2,CD340
EVI2B,CD361,CD361
EVI2B,D17S376,CD361
EVI2B,EVDB,CD361
EVI2B,EVI2B,CD361
F11R,CD321,CD321
F11R,JAM1,CD321
F11R,JAMA,CD321
F11R,JCAM,CD321
F11R,PAM1,CD321
F11R,F11R,CD321
F3,CD142,CD142
FARP1,CDEP,CDEP
FARP1,MGC87400,CDEP
FARP1,PLEKHC2,CDEP
FARP1,PPP1R75,CDEP
FARP1,FARP1,CDEP
FAS,APO1,CD95
FAS,APT1,CD95
FAS,CD95,CD95
FAS,FAS1,CD95
FAS,TNFRSF6,CD95
FAS,FAS,CD95
FASLG,APT1LG1,CD178
FASLG,CD178,CD178
FASLG,FASL,CD178
FASLG,TNFSF6,CD178
FASLG,FASLG,CD178
FAT1,CDHF7,CDHF7
FAT1,CDHR8,CDHF7
FAT1,FAT1,CDHF7
FAT2,CDHF8,CDHF8
FAT2,CDHR9,CDHF8
FAT2,HFAT2,CDHF8
FAT2,MEGF1,CDHF8
FAT2,FAT2,CDHF8
FAT3,CDHF15,CDHF15
FAT3,CDHR10,CDHF15
FAT3,KIAA1989,CDHF15
FAT3,FAT3,CDHF15
FAT4,CDHF14,CDHF14
FAT4,CDHR11,CDHF14
FAT4,FATJ,CDHF14
FAT4,FAT4,CDHF14
FBXW7,AGO,CDC4
FBXW7,CDC4,CDC4
FBXW7,FBW7,CDC4
FBXW7,FBX30,CDC4
FBXW7,FBXW6,CDC4
FBXW7,FLJ11071,CDC4
FBXW7,SEL10,CDC4
FBXW7,FBXW7,CDC4
FCAMR,CD351,CD351
FCAMR,FCAMR,CD351
FCAMR,FKSG87,CD351
FCAR,CD89,CD89
FCAR,FCAR,CD89
FCER2,CD23,CD23
FCER2,CD23A,CD23
FCER2,CLEC4J,CD23
FCER2,FCE2,CD23
FCER2,FCER2,CD23
FCGR1A,CD64,CD64
FCGR1A,CD64A,CD64
FCGR1A,FCGR1A,CD64
FCGR1B,CD64B,CD64B
FCGR1B,FCGR1B,CD64B
FCGR1CP,CD64C,CD64C
FCGR1CP,FCGR1C,CD64C
FCGR1CP,FCGR1CP,CD64C
FCGR2A,CD32A,CD32
FCGR2A,CDW32,CD32
FCGR2A,FCGR2A1,CD32
FCGR2A,IGFR2,CD32
FCGR2A,FCGR2A,CD32
FCGR2B,CD32B,CD32
FCGR2B,FCGR2B,CD32
FCGR2C,CD32C,CD32C
FCGR2C,HFCRIIC,CD32C
FCGR2C,FCGR2C,CD32C
FCGR3A,CD16A,CD16
FCGR3A,FCGR3A,CD16
FCGR3B,CD16B,CD16
FCGR3B,FCGR3B,CD16
FCRL1,CD307A,CD307A
FCRL1,FCRH1,CD307A
FCRL1,IFGP1,CD307A
FCRL1,IRTA5,CD307A
FCRL1,FCRL1,CD307A
FCRL2,CD307B,CD307B
FCRL2,FCRH2,CD307B
FCRL2,IRTA4,CD307B
FCRL2,SPAP1,CD307B
FCRL2,FCRL2,CD307B
FCRL3,CD307C,CD307C
FCRL3,FCRH3,CD307C
FCRL3,IFGP3,CD307C
FCRL3,IRTA3,CD307C
FCRL3,SPAP2,CD307C
FCRL3,SPAP2A,CD307C
FCRL3,SPAP2B,CD307C
FCRL3,SPAP2C,CD307C
FCRL3,SPAP2D,CD307C
FCRL3,SPAP2E,CD307C
FCRL3,FCRL3,CD307C
FCRL4,CD307D,CD307D
FCRL4,FCRH4,CD307D
FCRL4,IGFP2,CD307D
FCRL4,IRTA1,CD307D
FCRL4,FCRL4,CD307D
FCRL5,BXMAS1,CD307E
FCRL5,CD307E,CD307E
FCRL5,FCRH5,CD307E
FCRL5,IRTA2,CD307E
FCRL5,FCRL5,CD307E
FGFR1,BFGFR,CD331
FGFR1,CD331,CD331
FGFR1,CEK,CD331
FGFR1,FLG,CD331
FGFR1,FLT2,CD331
FGFR1,KAL2,CD331
FGFR1,NSAM,CD331
FGFR1,FGFR1,CD331
FGFR2,BEK,CD332
FGFR2,CD332,CD332
FGFR2,CEK3,CD332
FGFR2,CFD1,CD332
FGFR2,ECT1,CD332
FGFR2,JWS,CD332
FGFR2,KSAM,CD332
FGFR2,KGFR,CD332
FGFR2,TK14,CD332
FGFR2,TK25,CD332
FGFR2,FGFR2,CD332
FGFR3,ACH,CD333
FGFR3,CD333,CD333
FGFR3,CEK2,CD333
FGFR3,JTK4,CD333
FGFR3,FGFR3,CD333
FGFR4,CD334,CD334
FGFR4,JTK2,CD334
FGFR4,FGFR4,CD334
FLT3,CD135,CD135
FLT3,FLK2,CD135
FLT3,FLT3,CD135
FTSJ1,CDLIV,CDLIV
FTSJ1,JM23,CDLIV
FTSJ1,MRX44,CDLIV
FTSJ1,MRX9,CDLIV
FTSJ1,SPB1,CDLIV
FTSJ1,TRM7,CDLIV
FTSJ1,TRMT7,CDLIV
FTSJ1,FTSJ1,CDLIV
FUT3,CD174,CD174
FUT3,FUT3,CD174
FUT4,CD15,CD15
FUT4,ELFT,CD15
FUT4,FCT3A,CD15
FUT4,FUCTIV,CD15
FUT4,FUT4,CD15
FZD10,CD350,CD350
FZD10,FZD10,CD350
FZD4,CD344,CD344
FZD4,EVR1,CD344
FZD4,FZD4,CD344
FZD9,CD349,CD349
FZD9,FZD3,CD349
FZD9,FZD9,CD349
FZR1,CDC20C,CDH1
FZR1,FZR,CDH1
FZR1,FZR2,CDH1
FZR1,HCDH,CDH1
FZR1,HCDH1,CDH1
FZR1,KIAA1242,CDH1
FZR1,FZR1,CDH1
GDF5,BMP14,CDMP1
GDF5,CDMP1,CDMP1
GDF5,GDF5,CDMP1
GGT1,CD224,CD224
GGT1,D22S672,CD224
GGT1,D22S732,CD224
GGT1,GGT,CD224
GGT1,GGT1,CD224
GP1BA,CD42B,CD42B
GP1BA,GP1B,CD42B
GP1BA,GPIBALPHA,CD42B
GP1BA,GP1BA,CD42B
GP1BB,CD42C,CD42C
GP1BB,GPIBBETA,CD42C
GP1BB,GP1BB,CD42C
GP5,CD42D,CD42D
GP5,GP5,CD42D
GP9,CD42A,CD42A
GP9,GPIX,CD42A
GP9,GP9,CD42A
GYPA,CD235A,CD235A
GYPA,GPA,CD235A
GYPA,GYPA,CD235A
GYPB,CD235B,CD235B
GYPB,GPB,CD235B
GYPB,GYPB,CD235B
GYPC,CD236,CD236
GYPC,CD236R,CD236
GYPC,GPC,CD236
GYPC,GYPD,CD236
GYPC,GYPC,CD236
HAVCR1,CD365,CD365
HAVCR1,HAVCR,CD365
HAVCR1,HAVCR1,CD365
HAVCR1,KIM1,CD365
HAVCR1,TIM1,CD365
HAVCR1,TIMD1,CD365
HAVCR2,CD366,CD366
HAVCR2,FLJ14428,CD366
HAVCR2,TIM3,CD366
HAVCR2,TIMD3,CD366
HAVCR2,HAVCR2,CD366
HBB,BETAGLOBIN,CD113TC
HBB,CD113TC,CD113TC
HBB,HBB,CD113TC
HLA-J,CDA12,CDA12
HLA-J,D6S203,CDA12
HLA-J,HLA59,CDA12
HLA-J,HLACDA12,CDA12
HLA-J,HLAJ,CDA12
HMMR,CD168,CD168
HMMR,RHAMM,CD168
HMMR,HMMR,CD168
ICAM1,BB2,CD54
ICAM1,CD54,CD54
ICAM1,ICAM1,CD54
ICAM2,CD102,CD102
ICAM2,ICAM2,CD102
ICAM3,CD50,CD50
ICAM3,CDW50,CD50
ICAM3,ICAMR,CD50
ICAM3,ICAM3,CD50
ICAM4,CD242,CD242
ICAM4,ICAM4,CD242
ICOS,AILIM,CD278
ICOS,CD278,CD278
ICOS,ICOS,CD278
ICOSLG,B7H2,CD275
ICOSLG,B7RP1,CD275
ICOSLG,CD275,CD275
ICOSLG,GL50,CD275
ICOSLG,ICOSL,CD275
ICOSLG,KIAA0653,CD275
ICOSLG,ICOSLG,CD275
IFITM1,927,CD225
IFITM1,CD225,CD225
IFITM1,DSPA2A,CD225
IFITM1,IFI17,CD225
IFITM1,IFITM1,CD225
IFNGR1,CD119,CD119
IFNGR1,IFNGR,CD119
IFNGR1,IFNGR1,CD119
IFT81,CDV1R,CDV1
IFT81,CDV1,CDV1
IFT81,MGC4027,CDV1
IFT81,IFT81,CDV1
IGF1R,CD221,CD221
IGF1R,IGFIR,CD221
IGF1R,IGFR,CD221
IGF1R,JTK13,CD221
IGF1R,MGC18216,CD221
IGF1R,IGF1R,CD221
IGF2R,CD222,CD222
IGF2R,CIM6PR,CD222
IGF2R,CIMPR,CD222
IGF2R,MPR1,CD222
IGF2R,MPR300,CD222
IGF2R,MPRI,CD222
IGF2R,IGF2R,CD222
IGLL1,141,CD179B
IGLL1,CD179B,CD179B
IGLL1,IGL5,CD179B
IGLL1,IGLL,CD179B
IGLL1,IGVPB,CD179B
IGLL1,IGLL1,CD179B
IGSF8,CD316,CD316
IGSF8,CD81P3,CD316
IGSF8,EWI2,CD316
IGSF8,PGRL,CD316
IGSF8,IGSF8,CD316
IL10RA,CD210,CD210
IL10RA,CD210A,CD210
IL10RA,CDW210A,CD210
IL10RA,HIL10R,CD210
IL10RA,IL10R,CD210
IL10RA,IL10RA,CD210
IL10RB,CDW210B,CDW210B
IL10RB,CRF24,CDW210B
IL10RB,CRFB4,CDW210B
IL10RB,D21S58,CDW210B
IL10RB,D21S66,CDW210B
IL10RB,IL10R2,CDW210B
IL10RB,IL10RB,CDW210B
IL12RB1,CD212,CD212
IL12RB1,IL12RB,CD212
IL12RB1,IL12RB1,CD212
IL13RA1,CD213A1,CD213A1
IL13RA1,IL13RA,CD213A1
IL13RA1,NR4,CD213A1
IL13RA1,IL13RA1,CD213A1
IL13RA2,CD213A2,CD213A2
IL13RA2,CT19,CD213A2
IL13RA2,IL13R,CD213A2
IL13RA2,IL13BP,CD213A2
IL13RA2,IL13RA2,CD213A2
IL15RA,CD215,CD215
IL15RA,IL15RA,CD215
IL17RA,CD217,CD217
IL17RA,CDW217,CD217
IL17RA,HIL17R,CD217
IL17RA,IL17RA,CD217
IL17RA,IL17R,CD217
IL18R1,CD218A,CD218A
IL18R1,IL1RRP,CD218A
IL18R1,IL18R1,CD218A
IL18RAP,ACPL,CD218B
IL18RAP,CD218B,CD218B
IL18RAP,IL18RAP,CD218B
IL1R1,CD121A,CD121A
IL1R1,D2S1473,CD121A
IL1R1,IL1R,CD121A
IL1R1,IL1RA,CD121A
IL1R1,IL1R1,CD121A
IL1R2,CD121B,CD121B
IL1R2,IL1RB,CD121B
IL1R2,IL1R2,CD121B
IL21R,CD360,CD360
IL21R,IL21R,CD360
IL2RA,IDDM10,CD25
IL2RA,IL2R,CD25
IL2RA,IL2RA,CD25
IL2RB,CD122,CD122
IL2RB,IL15RB,CD122
IL2RB,IL2RB,CD122
IL2RG,CD132,CD132
IL2RG,CIDX,CD132
IL2RG,IMD4,CD132
IL2RG,SCIDX1,CD132
IL2RG,IL2RG,CD132
IL3RA,CD123,CD123
IL3RA,IL3RA,CD123
IL4R,CD124,CD124
IL4R,IL4R,CD124
IL5RA,CD125,CD125
IL5RA,CDW125,CD125
IL5RA,IL5R,CD125
IL5RA,IL5RA,CD125
IL6R,CD126,CD126
IL6R,IL6R,CD126
IL6ST,CD130,CD130
IL6ST,GP130,CD130
IL6ST,IL6ST,CD130
IL7R,CD127,CD127
IL7R,IL7RA,CD127
IL7R,IL7R,CD127
IL9R,CD129,CD129
IL9R,IL9R,CD129
INSR,CD220,CD220
INSR,INSR,CD220
ISG20,HEM45,CD25
ISG20,ISG20,CD25
ITFG1,CDA08,CDA08
ITFG1,LNKN1,CDA08
ITFG1,TIP,CDA08
ITFG1,ITFG1,CDA08
ITGA1,CD49A,CD49A
ITGA1,VLA1,CD49A
ITGA1,ITGA1,CD49A
ITGA2,CD49B,CD49B
ITGA2,ITGA2,CD49B
ITGA2B,CD41,CD41
ITGA2B,CD41B,CD41
ITGA2B,GP2B,CD41
ITGA2B,PPP1R93,CD41
ITGA2B,ITGA2B,CD41
ITGA3,CD49C,CD49C
ITGA3,GAPB3,CD49C
ITGA3,MSK18,CD49C
ITGA3,VCA2,CD49C
ITGA3,VLA3A,CD49C
ITGA3,ITGA3,CD49C
ITGA4,CD49D,CD49D
ITGA4,ITGA4,CD49D
ITGA5,CD49E,CD49E
ITGA5,FNRA,CD49E
ITGA5,ITGA5,CD49E
ITGA6,CD49F,CD49F
ITGA6,ITGA6,CD49F
ITGAD,ADB2,CD11D
ITGAD,CD11D,CD11D
ITGAD,ITGAD,CD11D
ITGAE,CD103,CD103
ITGAE,HUMINAE,CD103
ITGAE,ITGAE,CD103
ITGAL,CD11A,CD11A
ITGAL,ITGAL,CD11A
ITGAM,CD11B,CD11B
ITGAM,CR3A,CD11B
ITGAM,ITGAM,CD11B
ITGAV,CD51,CD51
ITGAV,MSK8,CD51
ITGAV,VNRA,CD51
ITGAV,VTNR,CD51
ITGAV,ITGAV,CD51
ITGAX,CD11C,CD11C
ITGAX,ITGAX,CD11C
ITGB1,CD29,CD29
ITGB1,FNRB,CD29
ITGB1,GPIIA,CD29
ITGB1,MDF2,CD29
ITGB1,MSK12,CD29
ITGB1,ITGB1,CD29
ITGB2,CD18,CD18
ITGB2,MFI7,CD18
ITGB2,ITGB2,CD18
ITGB3,CD61,CD61
ITGB3,GP3A,CD61
ITGB3,GPIIIA,CD61
ITGB3,ITGB3,CD61
ITGB4,CD104,CD104
ITGB4,ITGB4,CD104
JAG1,AGS,CD339
JAG1,AHD,CD339
JAG1,AWS,CD339
JAG1,CD339,CD339
JAG1,HJ1,CD339
JAG1,JAGL1,CD339
JAG1,JAG1,CD339
JAM2,C21ORF43,CD322
JAM2,CD322,CD322
JAM2,JAMB,CD322
JAM2,VEJAM,CD322
JAM2,JAM2,CD322
JKAMP,C14ORF100,CDA06
JKAMP,CDA06,CDA06
JKAMP,HSPC213,CDA06
JKAMP,HSPC327,CDA06
JKAMP,JAMP,CDA06
JKAMP,JKAMP,CDA06
KDR,CD309,CD309
KDR,FLK1,CD309
KDR,VEGFR,CD309
KDR,VEGFR2,CD309
KDR,KDR,CD309
KEL,CD238,CD238
KEL,ECE3,CD238
KEL,KEL,CD238
KIR2DL1,4711,CD158A
KIR2DL1,CD158A,CD158A
KIR2DL1,CL42,CD158A
KIR2DL1,NKAT1,CD158A
KIR2DL1,P581,CD158A
KIR2DL1,KIR2DL1,CD158A
KIR2DL2,CD158B1,CD158K
KIR2DL2,CL43,CD158K
KIR2DL2,NKAT6,CD158K
KIR2DL2,KIR2DL2,CD158K
KIR2DL3,CD158B2,CD158B2
KIR2DL3,CL6,CD158B2
KIR2DL3,NKAT2,CD158B2
KIR2DL3,NKAT2A,CD158B2
KIR2DL3,NKAT2B,CD158B2
KIR2DL3,P58,CD158B2
KIR2DL3,KIR2DL3,CD158B2
KIR2DL4,103AS,CD158D
KIR2DL4,15212,CD158D
KIR2DL4,CD158D,CD158D
KIR2DL4,KIR2DL4,CD158D
KIR2DL5A,CD158F,CD158F
KIR2DL5A,KIR2DL5,CD158F
KIR2DL5A,KIR2DL51,CD158F
KIR2DL5A,KIR2DL5A,CD158F
KIR2DS1,CD158H,CD158H
KIR2DS1,EB6ACTI,CD158H
KIR2DS1,EB6ACTII,CD158H
KIR2DS1,KIR2DS1,CD158H
KIR2DS2,183ACTI,CD158J
KIR2DS2,CD158J,CD158J
KIR2DS2,CL49,CD158J
KIR2DS2,NKAT5,CD158J
KIR2DS2,KIR2DS2,CD158J
KIR2DS4,CD158I,CD158I
KIR2DS4,CL39,CD158I
KIR2DS4,KKA3,CD158I
KIR2DS4,NKAT8,CD158I
KIR2DS4,KIR2DS4,CD158I
KIR2DS5,CD158G,CD158G
KIR2DS5,NKAT9,CD158G
KIR2DS5,KIR2DS5,CD158G
KIR3DL1,AMB11,CD158E1
KIR3DL1,CD158E1,CD158E1
KIR3DL1,CD158E12,CD158E1
KIR3DL1,CD158E2,CD158E1
KIR3DL1,CL11,CD158E1
KIR3DL1,CL2,CD158E1
KIR3DL1,KIR,CD158E1
KIR3DL1,NKAT3,CD158E1
KIR3DL1,NKB1,CD158E1
KIR3DL1,NKB1B,CD158E1
KIR3DL1,KIR3DL1,CD158E1
KIR3DL2,CL5,CD158K
KIR3DL2,NKAT4,CD158K
KIR3DL2,NKAT4A,CD158K
KIR3DL2,NKAT4B,CD158K
KIR3DL2,KIR3DL2,CD158K
KIR3DL3,CD158Z,CD158Z
KIR3DL3,KIR3DL7,CD158Z
KIR3DL3,KIR44,CD158Z
KIR3DL3,KIRC1,CD158Z
KIR3DL3,KIR3DL3,CD158Z
KIR3DP1,CD158C,CD158C
KIR3DP1,KIR2DS6,CD158C
KIR3DP1,KIR3DS2P,CD158C
KIR3DP1,KIR48,CD158C
KIR3DP1,KIRX,CD158C
KIR3DP1,KIR3DP1,CD158C
KIT,CKIT,CD117
KIT,CD117,CD117
KIT,PBT,CD117
KIT,SCFR,CD117
KIT,KIT,CD117
KLRB1,CD161,CD161
KLRB1,CLEC5B,CD161
KLRB1,HNKRP1A,CD161
KLRB1,NKR,CD161
KLRB1,NKRP1,CD161
KLRB1,NKRP1A,CD161
KLRB1,KLRB1,CD161
KLRC1,CD159A,CD159A
KLRC1,NKG2,CD159A
KLRC1,NKG2A,CD159A
KLRC1,NKG2B,CD159A
KLRC1,KLRC1,CD159A
KLRC2,CD159C,CD159C
KLRC2,NKG2C,CD159C
KLRC2,KLRC2,CD159C
KLRD1,CD94,CD94
KLRD1,KLRD1,CD94
KLRK1,CD314,CD314
KLRK1,D12S2489E,CD314
KLRK1,KLR,CD314
KLRK1,NKG2D,CD314
KLRK1,KLRK1,CD314
L1CAM,CD171,CD171
L1CAM,HSAS,CD171
L1CAM,HSAS1,CD171
L1CAM,MASA,CD171
L1CAM,MIC5,CD171
L1CAM,S10,CD171
L1CAM,SPG1,CD171
L1CAM,L1CAM,CD171
LAG3,CD223,CD223
LAG3,LAG3,CD223
LAIR1,CD305,CD305
LAIR1,LAIR1,CD305
LAIR2,CD306,CD306
LAIR2,LAIR2,CD306
LAMP1,CD107A,CD107A
LAMP1,LAMP1,CD107A
LAMP2,CD107B,CD107B
LAMP2,LAMP2,CD107B
LAMP3,CD208,CD208
LAMP3,DCLAMP,CD208
LAMP3,LAMP,CD208
LAMP3,TSC403,CD208
LAMP3,LAMP3,CD208
LEPR,CD295,CD295
LEPR,OBR,CD295
LEPR,LEPR,CD295
LIF,CDF,CDF
LIF,DIA,CDF
LIF,HILDA,CDF
LIF,LIF,CDF
LIFR,CD118,CD118
LIFR,LIFR,CD118
LILRA1,CD85I,CD85I
LILRA1,LIR6,CD85I
LILRA1,LILRA1,CD85I
LILRA2,CD85H,CD85H
LILRA2,ILT1,CD85H
LILRA2,LIR7,CD85H
LILRA2,LILRA2,CD85H
LILRA3,CD85E,CD85E
LILRA3,HM31,CD85E
LILRA3,HM43,CD85E
LILRA3,ILT6,CD85E
LILRA3,LIR4,CD85E
LILRA3,LILRA3,CD85E
LILRA4,CD85G,CD85G
LILRA4,ILT7,CD85G
LILRA4,LILRA4,CD85G
LILRA5,CD85F,CD85
LILRA5,ILT11,CD85
LILRA5,LILRB7,CD85
LILRA5,LIR9,CD85
LILRA5,LILRA5,CD85
LILRA6,CD85B,CD85B
LILRA6,ILT8,CD85B
LILRA6,LILRB6,CD85B
LILRA6,LILRA6,CD85B
LILRB1,CD85J,CD85
LILRB1,ILT2,CD85
LILRB1,LIR1,CD85
LILRB1,MIR7,CD85
LILRB1,LILRB1,CD85
LILRB2,CD85D,CD85D
LILRB2,ILT4,CD85D
LILRB2,LIR2,CD85D
LILRB2,MIR10,CD85D
LILRB2,LILRB2,CD85D
LILRB3,CD85A,CD85A
LILRB3,HL9,CD85A
LILRB3,ILT5,CD85A
LILRB3,LIR3,CD85A
LILRB3,LILRB3,CD85A
LILRB4,CD85K,CD85K
LILRB4,HM18,CD85K
LILRB4,ILT3,CD85K
LILRB4,LIR5,CD85K
LILRB4,LILRB4,CD85K
LILRB5,CD85C,CD85C
LILRB5,LIR8,CD85C
LILRB5,LILRB5,CD85C
LILRP1,CD85L,CD85L
LILRP1,ILT9,CD85L
LILRP1,LILRA6P,CD85L
LILRP1,LILRP1,CD85L
LILRP2,CD85M,CD85M
LILRP2,ILT10,CD85M
LILRP2,LILRP2,CD85M
LRBA,BGL,CDC4L
LRBA,CDC4L,CDC4L
LRBA,LAB300,CDC4L
LRBA,LBA,CDC4L
LRBA,LRBA,CDC4L
LRMDA,C10ORF11,CDA017
LRMDA,CDA017,CDA017
LRMDA,OCA7,CDA017
LRMDA,LRMDA,CDA017
LRP1,A2MR,CD91
LRP1,APOER,CD91
LRP1,APR,CD91
LRP1,CD91,CD91
LRP1,IGFBP3R,CD91
LRP1,IGFBP3R1,CD91
LRP1,LRP,CD91
LRP1,LRP1A,CD91
LRP1,LRP1,CD91
LY75,CD205,CD205
LY75,CLEC13B,CD205
LY75,DEC205,CD205
LY75,LY75,CD205
LY9,CD229,CD229
LY9,HLY9,CD229
LY9,MLY9,CD229
LY9,SLAMF3,CD229
LY9,LY9,CD229
M6PR,CDM6PR,CDMPR
M6PR,CDMPR,CDMPR
MCAM,CD146,CD146
MCAM,MUC18,CD146
MCAM,MCAM,CD146
MCM2,BM28,CDC19
MCM2,CCNL1,CDC19
MCM2,CDC19,CDC19
MCM2,CDCL1,CDC19
MCM2,D3S3194,CDC19
MCM2,DFNA70,CDC19
MCM2,KIAA0030,CDC19
MCM4,CDC21,CDC21
MCM4,CDC54,CDC21
MCM4,HCDC21,CDC21
MCM4,MGC33310,CDC21
MCM4,P1CDC21,CDC21
MCM4,MCM4,CDC21
MCM5,CDC46,CDC46
MCM5,MCM5,CDC46
MCM7,CDC47,CDC47
MCM7,PPP1R104,CDC47
MCM7,MCM7,CDC47
MELTF,CD228,CD228
MELTF,FLJ38863,CD228
MELTF,MAP97,CD228
MELTF,MFI2,CD228
MELTF,MGC4856,CD228
MELTF,MTF,CD228
MELTF,MTF1,CD228
MELTF,MELTF,CD228
MIA,CDRAP,CDRAP
MIA,MIA,CDRAP
MME,CALLA,CD10
MME,CD10,CD10
MME,MME,CD10
MOSPD3,CDS3,CDS3
MOSPD3,NET30,CDS3
MOSPD3,MOSPD3,CDS3
MPDU1,CDGIF,CDGIF
MPDU1,LEC35,CDGIF
MPDU1,PQLC5,CDGIF
MPDU1,SL15,CDGIF
MPDU1,SLC66A5,CDGIF
MPDU1,MPDU1,CDGIF
MPL,CD110,CD110
MPL,TPOR,CD110
MPL,MPL,CD110
MRC1,BA541I191,CD206
MRC1,CD206,CD206
MRC1,CLEC13D,CD206
MRC1,CLEC13DL,CD206
MRC1,MRC1L1,CD206
MRC1,MRC1,CD206
MRC2,CD280,CD280
MRC2,CLEC13E,CD280
MRC2,ENDO180,CD280
MRC2,KIAA0709,CD280
MRC2,MRC2,CD280
MRPL51,BMRP64,CDA09
MRPL51,CDA09,CDA09
MRPL51,HSPC241,CDA09
MRPL51,MRP64,CDA09
MRPL51,MRPL51,CDA09
MS4A1,BP35,CD20
MS4A1,CD20,CD20
MS4A1,MS4A2,CD20
MS4A1,MS4A1,CD20
MS4A10,CD20L7,CD20L7
MS4A10,MS4A9,CD20L7
MS4A10,MS4A10,CD20L7
MS4A3,CD20L,CD20L
MS4A3,HTM4,CD20L
MS4A3,MS4A3,CD20L
MS4A4A,CD20L1,CD20L1
MS4A4A,MS4A4A,CD20L1
MS4A5,CD20L2,CD20L2
MS4A5,MS4A5,CD20L2
MS4A6A,CD20L3,CD20L3
MS4A6A,MS4A6,CD20L3
MS4A6A,MS4A6A,CD20L3
MS4A7,CD20L4,CD20L4
MS4A7,CFFM4,CD20L4
MS4A8,CD20L5,CD20L5
MS4A8,MS4A8B,CD20L5
MSR1,CD204,CD204
MSR1,SCARA1,CD204
MSR1,SRA,CD204
MSR1,SRAI,CD204
MSR1,SRAII,CD204
MSR1,SRAIII,CD204
MSR1,MSR1,CD204
MST1R,CD136,CD136
MST1R,CDW136,CD136
MST1R,PTK8,CD136
MST1R,RON,CD136
MST1R,MST1R,CD136
MUC1,ADMCKD,CD227
MUC1,ADMCKD1,CD227
MUC1,CD227,CD227
MUC1,MCD,CD227
MUC1,MCKD,CD227
MUC1,MCKD1,CD227
MUC1,PEM,CD227
MUC1,PUM,CD227
MUC1,MUC1,CD227
NCAM1,CD56,CD56
NCAM1,NCAM,CD56
NCAM1,NCAM1,CD56
NCR1,CD335,CD335
NCR1,LY94,CD335
NCR1,NKP46,CD335
NCR1,NCR1,CD335
NCR2,CD336,CD336
NCR2,LY95,CD336
NCR2,NKP44,CD336
NCR2,NCR2,CD336
NCR3,1C7,CD337
NCR3,CD337,CD337
NCR3,LY117,CD337
NCR3,NKP30,CD337
NCR3,NCR3,CD337
NDUFA13,B166,CDA016
NDUFA13,CDA016,CDA016
NDUFA13,CGI39,CDA016
NDUFA13,GRIM19,CDA016
NDUFA13,NDUFA13,CDA016
NECTIN1,CD111,CD111
NECTIN1,CLPED1,CD111
NECTIN1,ED4,CD111
NECTIN1,HIGR,CD111
NECTIN1,HVEC,CD111
NECTIN1,OFC7,CD111
NECTIN1,PRR,CD111
NECTIN1,PRR1,CD111
NECTIN1,PVRL1,CD111
NECTIN1,PVRR1,CD111
NECTIN1,SK12,CD111
NECTIN1,NECTIN1,CD111
NECTIN2,CD112,CD112
NECTIN2,HVEB,CD112
NECTIN2,PRR2,CD112
NECTIN2,PVRL2,CD112
NECTIN2,PVRR2,CD112
NECTIN2,NECTIN2,CD112
NECTIN3,CD113,CD113
NECTIN3,CDW113,CD113
NECTIN3,DKFZP566B0846,CD113
NECTIN3,NECTIN3,CD113
NECTIN3,PPR3,CD113
NECTIN3,PVRL3,CD113
NECTIN3,PVRR3,CD113
NGFR,CD271,CD271
NGFR,P75NTR,CD271
NGFR,TNFRSF16,CD271
NGFR,NGFR,CD271
NRP1,CD304,CD304
NRP1,NRP,CD304
NRP1,VEGF165R,CD304
NRP1,NRP1,CD304
NT5C,CDN,CDN
NT5C,DNT1,CDN
NT5C,PNI,CDN
NT5C,UMPH2,CDN
NT5C,NT5C,CDN
NT5E,CALJA,CD73
NT5E,CD73,CD73
NT5E,ENT,CD73
NT5E,NT5,CD73
NT5E,NT5E,CD73
NUF2,CDCA1,CDCA1
NUF2,CT106,CDCA1
NUF2,NUF2R,CDCA1
NUF2,NUF2,CDCA1
PCDH15,CDHR15,CDHR15
PCDH15,DFNB23,CDHR15
PCDH15,USH1F,CDHR15
PCDH15,PCDH15,CDHR15
PCDHGA12,CDH21,CDH21
PCDHGA12,FIB3,CDH21
PCDHGA12,KIAA0588,CDH21
PCDHGA12,PCDHGAMMAA12,CDH21
PCDHGA12,PCDHGA12,CDH21
PCDHGA5,CDHGAMMAA5,CDHGAMMAA5
PCDHGA5,ME3,CDHGAMMAA5
PCDHGA5,PCDHGAMMAA5,CDHGAMMAA5
PCDHGA5,PCDHGA5,CDHGAMMAA5
PCDHGB4,FIB2,CDH20
PCDHGB4,PCDHGAMMAB4,CDH20
PCDHGB4,PCDHGB4,CDH20
PDCD1,CD279,CD279
PDCD1,HSLE1,CD279
PDCD1,PD1,CD279
PDCD1,SLEB2,CD279
PDCD1,PDCD1,CD279
PDCD1LG2,B7DC,CD273
PDCD1LG2,BA574F112,CD273
PDCD1LG2,BTDC,CD273
PDCD1LG2,CD273,CD273
PDCD1LG2,PDL2,CD273
PDCD1LG2,PDCD1LG2,CD273
PDGFRA,CD140A,CD140A
PDGFRA,GAS9,CD140A
PDGFRA,PDGFR2,CD140A
PDGFRA,PDGFRA,CD140A
PDGFRB,CD140B,CD140B
PDGFRB,JTK12,CD140B
PDGFRB,PDGFR,CD140B
PDGFRB,PDGFR1,CD140B
PDGFRB,PDGFRB,CD140B
PECAM1,CD31,CD31
PECAM1,PECAM1,CD31
PI16,CD364,CD364
PI16,DJ90K105,CD364
PI16,MGC45378,CD364
PI16,MSMBBP,CD364
PI16,PI16,CD364
PIGU,BA346K172,CDC91L1
PIGU,CDC91L1,CDC91L1
PIGU,GAB1,CDC91L1
PIGU,PIGU,CDC91L1
PLAUR,CD87,CD87
PLAUR,UPAR,CD87
PLAUR,URKR,CD87
PLAUR,PLAUR,CD87
PLXNC1,CD232,CD232
PLXNC1,VESPR,CD232
PLXNC1,PLXNC1,CD232
PMM2,CDG1,CDG1
PMM2,CDG1A,CDG1
PMM2,CDGS,CDG1
PMM2,PMI,CDG1
PMM2,PMI1,CDG1
PMM2,PMM2,CDG1
POLD1,POLD,CDC2
POLD1,POLD1,CDC2
PRNP,ALTPRP,CD230
PRNP,CD230,CD230
PRNP,CJD,CD230
PRNP,GSS,CD230
PRNP,PRIP,CD230
PRNP,PRP,CD230
PRNP,PRNP,CD230
PROCR,CCD41,CD201
PROCR,CD201,CD201
PROCR,EPCR,CD201
PROCR,PROCR,CD201
PROM1,AC133,CD133
PROM1,CD133,CD133
PROM1,CORD12,CD133
PROM1,MCDR2,CD133
PROM1,PROML1,CD133
PROM1,RP41,CD133
PROM1,STGD4,CD133
PROM1,PROM1,CD133
PSG1,CD66F,CD66F
PSG1,PBG1,CD66F
PSG1,PSBG1,CD66F
PSG1,PSGGA,CD66F
PSG1,PSG1,CD66F
PSTPIP1,CD2BP1,CD2BP1
PSTPIP1,CD2BP1L,CD2BP1
PSTPIP1,CD2BP1S,CD2BP1
PSTPIP1,HPIP,CD2BP1
PSTPIP1,PAPAS,CD2BP1
PSTPIP1,PSTPIP,CD2BP1
PSTPIP1,PSTPIP1,CD2BP1
PTGDR2,CD294,CD294
PTGDR2,CRTH2,CD294
PTGDR2,DP2,CD294
PTGDR2,GPR44,CD294
PTGDR2,PTGDR2,CD294
PTGFRN,CD315,CD315
PTGFRN,CD9P1,CD315
PTGFRN,EWIF,CD315
PTGFRN,FLJ11001,CD315
PTGFRN,FPRP,CD315
PTGFRN,KIAA1436,CD315
PTGFRN,SMAP6,CD315
PTGFRN,PTGFRN,CD315
PTPRC,CD45,CD45
PTPRC,GP180,CD45
PTPRC,LCA,CD45
PTPRC,T200,CD45
PTPRC,PTPRC,CD45
PTPRCAP,CD45AP,CD45AP
PTPRCAP,LPAP,CD45AP
PTPRCAP,PTPRCAP,CD45AP
PTPRJ,CD148,CD148
PTPRJ,DEP1,CD148
PTPRJ,HPTPETA,CD148
PTPRJ,PTPRJ,CD148
PVR,CD155,CD155
PVR,HVED,CD155
PVR,NECL5,CD155
PVR,PVS,CD155
PVR,TAGE4,CD155
PVR,PVR,CD155
PVRIG,C7ORF15,CD112R
PVRIG,CD112R,CD112R
PVRIG,MGC2463,CD112R
PVRIG,PVRIG,CD112R
RASGRF1,CDC25L,CDC25
RASGRF1,GNRP,CDC25
RASGRF1,GRF1,CDC25
RASGRF1,GRF55,CDC25
RASGRF1,HGRF55,CDC25
RASGRF1,PP13187,CDC25
RASGRF1,RASGRF1,CDC25
RET,CDHF12,CDHF12
RET,CDHR16,CDHF12
RET,HSCR1,CDHF12
RET,MEN2A,CDHF12
RET,MEN2B,CDHF12
RET,MTC1,CDHF12
RET,PTC,CDHF12
RET,RET51,CDHF12
RET,RET,CDHF12
RFT1,CDG1N,CDG1N
RFT1,RFT1,CDG1N
RHAG,CD241,CD241
RHAG,RH50A,CD241
RHAG,SLC42A1,CD241
RHAG,RHAG,CD241
RHCE,CD240CE,CD240CE
RHCE,RHCE,CD240CE
RHD,CD240D,CD240D
RHD,DIIIC,CD240D
RHD,RH30A,CD240D
RHD,RH4,CD240D
RHD,RHII,CD240D
RHD,RHPI,CD240D
RHD,RHD,CD240D
RHOU,ARHU,CDC42L1
RHOU,CDC42L1,CDC42L1
RHOU,DJ646B122,CDC42L1
RHOU,FJ646B122,CDC42L1
RHOU,FLJ10616,CDC42L1
RHOU,HG28K,CDC42L1
RHOU,WRCH1,CDC42L1
RHOU,RHOU,CDC42L1
RTF2,C20ORF43,CDAO5
RTF2,CDAO5,CDAO5
RTF2,HSPC164,CDAO5
RTF2,RTFDC1,CDAO5
RTF2,RTF2,CDAO5
RUNX1T1,AML1T1,CDR
RUNX1T1,CBFA2T1,CDR
RUNX1T1,ETO,CDR
RUNX1T1,MTG8,CDR
RUNX1T1,ZMYND2,CDR
RUNX1T1,RUNX1T1,CDR
S1PR1,CD363,CD363
S1PR1,D1S3362,CD363
S1PR1,EDG1,CD363
S1PR1,S1PR1,CD363
SCARB1,CD36L1,CD36L1
SCARB1,CLA1,CD36L1
SCARB1,SRBI,CD36L1
SCARB1,SRB1,CD36L1
SCARB1,SCARB1,CD36L1
SCARB2,CD36L2,CD36L2
SCARB2,HLGP85,CD36L2
SCARB2,LIMP2,CD36L2
SCARB2,LIMPII,CD36L2
SCARB2,SRBII,CD36L2
SCARB2,SCARB2,CD36L2
SCART1,CD163CALPHA,CD163CALPHA
SCART1,SCART1,CD163CALPHA
SCN5A,CDCD2,CDCD2
SCN5A,CMD1E,CDCD2
SCN5A,CMPD2,CDCD2
SCN5A,HB1,CDCD2
SCN5A,HB2,CDCD2
SCN5A,HBBD,CDCD2
SCN5A,HH1,CDCD2
SCN5A,ICCD,CDCD2
SCN5A,IVF,CDCD2
SCN5A,LQT3,CDCD2
SCN5A,NAV15,CDCD2
SCN5A,PFHB1,CDCD2
SCN5A,SSS1,CDCD2
SCN5A,SCN5A,CDCD2
SDC1,CD138,CD138
SDC1,SDC,CD138
SDC1,SYND1,CD138
SDC1,SYNDECAN,CD138
SDC1,SDC1,CD138
SDC2,CD362,CD362
SDC2,FIBROGLYCAN,CD362
SDC2,HSPG,CD362
SDC2,HSPG1,CD362
SDC2,SYND2,CD362
SDC2,SDC2,CD362
SEC23B,CDAII,CDAII
SEC23B,CDAN2,CDAII
SEC23B,HEMPAS,CDAII
SEC23B,SEC23B,CDAII
SELE,CD62E,CD62E
SELE,ELAM,CD62E
SELE,ELAM1,CD62E
SELE,ESEL,CD62E
SELE,SELE,CD62E
SELL,CD62L,CD62L
SELL,HLHRC,CD62L
SELL,LAM1,CD62L
SELL,LEU8,CD62L
SELL,LNHR,CD62L
SELL,LSEL,CD62L
SELL,LYAM1,CD62L
SELL,PLNHR,CD62L
SELL,SELL,CD62L
SELP,CD62,CD62
SELP,CD62P,CD62
SELP,GMP140,CD62
SELP,GRMP,CD62
SELP,PADGEM,CD62
SELP,PSEL,CD62
SELP,SELP,CD62
SELPLG,CD162,CD162
SELPLG,PSGL1,CD162
SELPLG,SELPLG,CD162
SEMA4D,C9ORF164,CD100
SEMA4D,CD100,CD100
SEMA4D,COLL4,CD100
SEMA4D,FLJ39737,CD100
SEMA4D,SEMAJ,CD100
SEMA4D,SEMA4D,CD100
SEMA7A,CD108,CD108
SEMA7A,HSEMAL,CD108
SEMA7A,SEMAL,CD108
SEMA7A,SEMA7A,CD108
SEPT7,CDC10,CDC3
SEPT7,CDC3,CDC3
SEPT7,SEPT7A,CDC3
SEPT7,7SEP,CDC3
SEPT7,0907,CDC3
SEPT7,907,CDC3
SEPT7,097,CDC3
SEPT7,SEPT7,CDC3
SEPT7P1,CDC10P,CDC10P
SEPT7P1,SEPT7P1,CDC10P
SEPT7P9,BA291L222,CDC10L
SEPT7P9,CDC10L,CDC10L
SEPT7P9,SEPT7L,CDC10L
SEPT7P9,SEPT7P9,CDC10L
SIGLEC1,CD169,CD169
SIGLEC1,DJ1009E241,CD169
SIGLEC1,FLJ00051,CD169
SIGLEC1,FLJ00055,CD169
SIGLEC1,FLJ00073,CD169
SIGLEC1,FLJ32150,CD169
SIGLEC1,SIALOADHESIN,CD169
SIGLEC1,SIGLEC1,CD169
SIGLEC15,CD33L3,CD33L3
SIGLEC15,HST1361,CD33L3
SIGLEC15,SIGLEC15,CD33L3
SIGLEC5,CD170,CD170
SIGLEC5,CD33L2,CD170
SIGLEC5,OBBP2,CD170
SIGLEC5,SIGLEC5,CD170
SIGLEC6,CD327,CD327
SIGLEC6,CD33L,CD327
SIGLEC6,CD33L1,CD327
SIGLEC6,OBBP1,CD327
SIGLEC6,SIGLEC6,CD327
SIGLEC7,CD328,CD328
SIGLEC7,P75AIRM1,CD328
SIGLEC7,QA79,CD328
SIGLEC7,SIGLEC7,CD328
SIGLEC7,SIGLEC19P,CD328
SIGLEC7,SIGLECP2,CD328
SIGLEC9,CD329,CD329
SIGLEC9,SIGLEC9,CD329
SIRPA,BIT,CD172A
SIRPA,CD172A,CD172A
SIRPA,MFR,CD172A
SIRPA,MYD1,CD172A
SIRPA,P84,CD172A
SIRPA,PTPNS1,CD172A
SIRPA,SHPS1,CD172A
SIRPA,SIRP,CD172A
SIRPA,SIRPALPHA1,CD172A
SIRPA,SIRPALPHA,CD172A
SIRPA,SIRPALPHA2,CD172A
SIRPA,SIRPA,CD172A
SIRPB1,CD172B,CD172B
SIRPB1,SIRPBETA1,CD172B
SIRPB1,SIRPB1,CD172B
SIRPG,BA77C31,CD172G
SIRPG,CD172G,CD172G
SIRPG,SIRPB2,CD172G
SIRPG,SIRPGAMMA,CD172G
SIRPG,SIRPG,CD172G
SIVA1,CD27BP,CD27BP
SIVA1,SIVA,CD27BP
SIVA1,SIVA1,CD27BP
SIVA1,SIVA2,CD27BP
SLAMF1,CD150,CD150
SLAMF1,SLAM,CD150
SLAMF1,SLAMF1,CD150
SLAMF6,CD352,CD352
SLAMF6,KALI,CD352
SLAMF6,KALIB,CD352
SLAMF6,LY108,CD352
SLAMF6,NTBA,CD352
SLAMF6,SF2000,CD352
SLAMF6,SLAMF6,CD352
SLAMF7,19A,CD319
SLAMF7,CD319,CD319
SLAMF7,CRACC,CD319
SLAMF7,CS1,CD319
SLAMF7,SLAMF7,CD319
SLAMF8,BLAME,CD353
SLAMF8,CD353,CD353
SLAMF8,SBBI42,CD353
SLAMF8,SLAMF8,CD353
SLAMF9,CD2F10,CD2F10
SLAMF9,CD84H1,CD2F10
SLAMF9,SF2001,CD2F10
SLAMF9,SLAMF9,CD2F10
SLC22A5,CDSP,CDSP
SLC22A5,OCTN2,CDSP
SLC22A5,SCD,CDSP
SLC22A5,SLC22A5,CDSP
SLC3A2,4F2,CD98
SLC3A2,4F2HC,CD98
SLC3A2,4T2HC,CD98
SLC3A2,CD98HC,CD98
SLC3A2,MDU1,CD98
SLC3A2,NACAE,CD98
SLC3A2,SLC3A2,CD98
SLC44A1,CD92,CD92
SLC44A1,CDW92,CD92
SLC44A1,CHTL1,CD92
SLC44A1,CTL1,CD92
SLC44A1,SLC44A1,CD92
SLC4A1,AE1,CD233
SLC4A1,CD233,CD233
SLC4A1,EPB3,CD233
SLC4A1,RTA1A,CD233
SLC4A1,SLC4A1,CD233
SLC4A11,BTR1,CDPD1
SLC4A11,CDPD1,CDPD1
SLC4A11,CHED2,CDPD1
SLC4A11,DJ794I62,CDPD1
SLC4A11,FECD4,CDPD1
SLC4A11,NABC1,CDPD1
SLC4A11,SLC4A11,CDPD1
SLC7A5,D16S469E,CD98
SLC7A5,E16,CD98
SLC7A5,LAT1,CD98
SLC7A5,MPE16,CD98
SLC7A5,SLC7A5,CD98
SPN,CD43,CD43
SPN,GPL115,CD43
SPN,LSN,CD43
SPN,SPN,CD43
SUPT16H,CDC68,CDC68
SUPT16H,FACT,CDC68
SUPT16H,FACTP140,CDC68
SUPT16H,FLJ10857,CDC68
SUPT16H,FLJ14010,CDC68
SUPT16H,SPT16CDC68,CDC68
SUPT16H,SUPT16H,CDC68
TATDN1,CDA11,CDA11
TATDN1,TATDN1,CDA11
TEK,CD202B,CD202B
TEK,TIE2,CD202B
TEK,VMCM,CD202B
TEK,VMCM1,CD202B
TEK,TEK,CD202B
TFRC,CD71,CD71
TFRC,P90,CD71
TFRC,TFR1,CD71
TFRC,TFRC,CD71
TGFBI,BIGH3,CDB1
TGFBI,CDB1,CDB1
TGFBI,CDGG1,CDB1
TGFBI,CSD1,CDB1
TGFBI,CSD2,CDB1
TGFBI,CSD3,CDB1
TGFBI,LCD1,CDB1
TGFBI,TGFBI,CDB1
THBD,CD141,CD141
THBD,THBD,CD141
THY1,CD90,CD90
THY1,THY1,CD90
TLR1,CD281,CD281
TLR1,KIAA0012,CD281
TLR1,RSC786,CD281
TLR1,TLR1,CD281
TLR10,CD290,CD290
TLR10,TLR10,CD290
TLR2,CD282,CD282
TLR2,TIL4,CD282
TLR2,TLR2,CD282
TLR3,CD283,CD283
TLR3,TLR3,CD283
TLR4,ARMD10,CD284
TLR4,CD284,CD284
TLR4,HTOLL,CD284
TLR4,TLR4,CD284
TLR6,CD286,CD286
TLR6,TLR6,CD286
TLR8,CD288,CD288
TLR8,TLR8,CD288
TLR9,CD289,CD289
TLR9,TLR9,CD289
TMEM30A,C6ORF67,CDC50A
TMEM30A,CDC50A,CDC50A
TMEM30A,FLJ10856,CDC50A
TMEM30A,TMEM30A,CDC50A
TMEM30B,CDC50B,CDC50B
TMEM30B,TMEM30B,CDC50B
TMEM30CP,CDC50C,CDC50C
TMEM30CP,TMEM30C,CDC50C
TMEM30CP,TMEM30CP,CDC50C
TMIGD2,CD28H,CD28H
TMIGD2,IGPR1,CD28H
TMIGD2,MGC23244,CD28H
TMIGD2,TMIGD2,CD28H
TNFRSF10A,APO2,CD261
TNFRSF10A,CD261,CD261
TNFRSF10A,DR4,CD261
TNFRSF10A,TRAILR1,CD261
TNFRSF10A,TNFRSF10A,CD261
TNFRSF10B,CD262,CD262
TNFRSF10B,DR5,CD262
TNFRSF10B,KILLER,CD262
TNFRSF10B,TRAILR2,CD262
TNFRSF10B,TRICK2A,CD262
TNFRSF10B,TRICKB,CD262
TNFRSF10B,TNFRSF10B,CD262
TNFRSF10C,CD263,CD263
TNFRSF10C,DCR1,CD263
TNFRSF10C,LIT,CD263
TNFRSF10C,TRAILR3,CD263
TNFRSF10C,TRID,CD263
TNFRSF10C,TNFRSF10C,CD263
TNFRSF10D,CD264,CD264
TNFRSF10D,TRAILR4,CD264
TNFRSF10D,TRUNDD,CD264
TNFRSF10D,TNFRSF10D,CD264
TNFRSF11A,CD265,CD265
TNFRSF11A,FEO,CD265
TNFRSF11A,LOH18CR1,CD265
TNFRSF11A,PDB2,CD265
TNFRSF11A,RANK,CD265
TNFRSF11A,TNFRSF11A,CD265
TNFRSF12A,CD266,CD266
TNFRSF12A,FN14,CD266
TNFRSF12A,TWEAKR,CD266
TNFRSF12A,TNFRSF12A,CD266
TNFRSF13B,CD267,CD267
TNFRSF13B,IGAD2,CD267
TNFRSF13B,TACI,CD267
TNFRSF13B,TNFRSF13B,CD267
TNFRSF13C,BAFFR,CD268
TNFRSF13C,CD268,CD268
TNFRSF13C,TNFRSF13C,CD268
TNFRSF14,ATAR,CD270
TNFRSF14,CD270,CD270
TNFRSF14,HVEA,CD270
TNFRSF14,HVEM,CD270
TNFRSF14,LIGHTR,CD270
TNFRSF14,TR2,CD270
TNFRSF14,TNFRSF14,CD270
TNFRSF17,BCM,CD269
TNFRSF17,BCMA,CD269
TNFRSF17,CD269,CD269
TNFRSF17,TNFRSF13A,CD269
TNFRSF17,TNFRSF17,CD269
TNFRSF18,AITR,CD357
TNFRSF18,CD357,CD357
TNFRSF18,GITR,CD357
TNFRSF18,TNFRSF18,CD357
TNFRSF1A,CD120A,CD120A
TNFRSF1A,TNFR,CD120A
TNFRSF1A,TNFRI,CD120A
TNFRSF1A,TNFR55,CD120A
TNFRSF1A,TNFAR,CD120A
TNFRSF1A,TNFR1,CD120A
TNFRSF1A,TNFR60,CD120A
TNFRSF1A,TNFRSF1A,CD120A
TNFRSF1B,CD120B,CD120B
TNFRSF1B,P75,CD120B
TNFRSF1B,TNFRII,CD120B
TNFRSF1B,TNFR75,CD120B
TNFRSF1B,TNFBR,CD120B
TNFRSF1B,TNFR2,CD120B
TNFRSF1B,TNFR80,CD120B
TNFRSF1B,TNFRSF1B,CD120B
TNFRSF21,CD358,CD358
TNFRSF21,DR6,CD358
TNFRSF21,TNFRSF21,CD358
TNFRSF4,ACT35,CD134
TNFRSF4,CD134,CD134
TNFRSF4,OX40,CD134
TNFRSF4,TXGP1L,CD134
TNFRSF4,TNFRSF4,CD134
TNFRSF8,CD30,CD30
TNFRSF8,D1S166E,CD30
TNFRSF8,KI1,CD30
TNFRSF8,TNFRSF8,CD30
TNFRSF9,41BB,CD137
TNFRSF9,CD137,CD137
TNFRSF9,ILA,CD137
TNFRSF9,TNFRSF9,CD137
TNFSF10,APO2L,CD253
TNFSF10,CD253,CD253
TNFSF10,TL2,CD253
TNFSF10,TRAIL,CD253
TNFSF10,TNFSF10,CD253
TNFSF11,CD254,CD254
TNFSF11,ODF,CD254
TNFSF11,OPGL,CD254
TNFSF11,RANKL,CD254
TNFSF11,TRANCE,CD254
TNFSF11,TNFSF11,CD254
TNFSF13,APRIL,CD256
TNFSF13,CD256,CD256
TNFSF13,TNFSF13,CD256
TNFSF13B,BAFF,CD257
TNFSF13B,BLYS,CD257
TNFSF13B,CD257,CD257
TNFSF13B,TALL1,CD257
TNFSF13B,THANK,CD257
TNFSF13B,TNFSF20,CD257
TNFSF13B,TNFSF13B,CD257
TNFSF14,CD258,CD258
TNFSF14,HVEML,CD258
TNFSF14,LIGHT,CD258
TNFSF14,LTG,CD258
TNFSF14,TNFSF14,CD258
TNFSF4,CD252,CD252
TNFSF4,GP34,CD252
TNFSF4,OX40L,CD252
TNFSF4,TXGP1,CD252
TNFSF4,TNFSF4,CD252
TNFSF8,CD153,CD153
TNFSF8,CD30LG,CD153
TNFSF8,TNFSF8,CD153
TRAF3,CAP1,CD40BP
TRAF3,CD40BP,CD40BP
TRAF3,CRAF1,CD40BP
TRAF3,RNF118,CD40BP
TRAF3,TRAF3,CD40BP
TREM1,CD354,CD354
TREM1,TREM1,CD354
TSPAN7,A15,CD231
TSPAN7,CD231,CD231
TSPAN7,DXS1692E,CD231
TSPAN7,MRX58,CD231
TSPAN7,MXS1,CD231
TSPAN7,TALLA1,CD231
TSPAN7,TM4SF2,CD231
TSPAN7,TSPAN7,CD231
TSPYL2,CDA1,CDA1
TSPYL2,CINAP,CDA1
TSPYL2,CTCL,CDA1
TSPYL2,DENTT,CDA1
TSPYL2,HRIHFB2216,CDA1
TSPYL2,SE204,CDA1
TSPYL2,TSPX,CDA1
TSPYL2,TSPYL2,CDA1
UBE2R2,CDC34B,CDC34B
UBE2R2,FLJ20419,CDC34B
UBE2R2,MGC10481,CDC34B
UBE2R2,UBC3B,CDC34B
UBE2R2,UBE2R2,CDC34B
USP9YP6,CDY24P,CDY24P
USP9YP6,USP9YP6,CDY24P
VCAM1,CD106,CD106
VCAM1,VCAM1,CD106
VCP,CDC48,CDC48
VCP,IBMPFD,CDC48
VCP,P97,CDC48
VCP,TERA,CDC48
VCP,VCP,CDC48
VPREB1,CD179A,CD179A
VPREB1,VPREB,CD179A
VPREB1,VPREB1,CD179A
