sym,lbl,spid,src,extid,id,prefid
DETC,DETC,1,manual,,CT231343DE336492F1,CT231343DE336492F1
DETCs,DETC,1,manual,,CT4CF1E0FFE26A395F,CT231343DE336492F1
Dendritic-epidermal-T,DETC,1,manual,,CTAD8B4B3EE6ECB6BB,CT231343DE336492F1
Dendritic epidermal T,DETC,1,manual,,CT728A6AA916C71387,CT231343DE336492F1
DendriticepidermalT,DETC,1,manual,,CTE89D7A3B2E8FAACE,CT231343DE336492F1
IEL,IEL,1,manual,,CT22416FE03B9D6C99,CT22416FE03B9D6C99
IELs,IEL,1,manual,,CTB660BADB779FAA4E,CT22416FE03B9D6C99
Intraepithelial-lymphocyte,IEL,1,manual,,CT54F82A76F87DFC87,CT22416FE03B9D6C99
Intraepithelial lymphocyte,IEL,1,manual,,CT77F7FFA741C8DF8A,CT22416FE03B9D6C99
Intraepitheliallymphocyte,IEL,1,manual,,CT2F2F6025243D7121,CT22416FE03B9D6C99
Intraepithelial-lymphocytes,IEL,1,manual,,CTF16ED9438519075A,CT22416FE03B9D6C99
Intraepithelial lymphocytes,IEL,1,manual,,CT23E00A845598CE1F,CT22416FE03B9D6C99
Intraepitheliallymphocytes,IEL,1,manual,,CTED5D6C1739EF8A88,CT22416FE03B9D6C99
MAIT,MAIT,1,manual,,CT2AA8AAF80CE1BE08,CT2AA8AAF80CE1BE08
Mucosal-associated invariant T,MAIT,1,manual,,CTD12D51A41E809C0C,CT2AA8AAF80CE1BE08
Mucosal associated invariant T,MAIT,1,manual,,CTAC471C4A7FB31498,CT2AA8AAF80CE1BE08
Mucosalassociated invariant T,MAIT,1,manual,,CT10B88BB7011C6F99,CT2AA8AAF80CE1BE08
NKT,NKT,1,manual,,CT459998F048BE65F2,CT459998F048BE65F2
natural-killer-T,NKT,1,manual,,CTFB62F1EFED214EE3,CT459998F048BE65F2
natural killer T,NKT,1,manual,,CT2118B36741C59AAB,CT459998F048BE65F2
naturalkillerT,NKT,1,manual,,CT7E21E45C95322C9C,CT459998F048BE65F2
T-natural-killer,NKT,1,manual,,CT5DC7108BBF643C36,CT459998F048BE65F2
T natural killer,NKT,1,manual,,CTCFD6F9F91FA5944C,CT459998F048BE65F2
Tnaturalkiller,NKT,1,manual,,CT33429842ED308775,CT459998F048BE65F2
INKT,NKT,1,manual,,CT47667978DACC1BA7,CT459998F048BE65F2
TRNKT,NKT,1,manual,,CTAB99EA6A1C47FED8,CT459998F048BE65F2
CNKT,NKT,1,manual,,CT56A2C76DD4C4EFFF,CT459998F048BE65F2
NK/T,NKT,1,manual,,CTA966200FE50A5651,CT459998F048BE65F2
TCM,TCM,1,manual,,CT143F3E7366C9650A,CT143F3E7366C9650A
T-cm,TCM,1,manual,,CT8E0D510370249D47,CT143F3E7366C9650A
T cm,TCM,1,manual,,CT95A7A330466BCA90,CT143F3E7366C9650A
Tcm,TCM,1,manual,,CT6DE81C14BBB65271,CT143F3E7366C9650A
cm-T,TCM,1,manual,,CTC0C807599F3B94F7,CT143F3E7366C9650A
cm T,TCM,1,manual,,CT28202D51D84599D7,CT143F3E7366C9650A
cmT,TCM,1,manual,,CTB65615656106D4F7,CT143F3E7366C9650A
central-memory-T,TCM,1,manual,,CT106486D2AB40E47B,CT143F3E7366C9650A
central memory T,TCM,1,manual,,CT9451DD832BC8E51E,CT143F3E7366C9650A
centralmemoryT,TCM,1,manual,,CTED155CFF5B500AC5,CT143F3E7366C9650A
TEFF,TEFF,1,manual,,CTDD003CDBE64E4F0A,CTDD003CDBE64E4F0A
T-eff,TEFF,1,manual,,CT060A3671F635A37F,CTDD003CDBE64E4F0A
T eff,TEFF,1,manual,,CT475D805CAE445A7E,CTDD003CDBE64E4F0A
Teff,TEFF,1,manual,,CT82FFF161CA0ADDD9,CTDD003CDBE64E4F0A
T-effector,TEFF,1,manual,,CT3EEC9FAFF4C737B4,CTDD003CDBE64E4F0A
T effector,TEFF,1,manual,,CTCA0032ED8C1111BC,CTDD003CDBE64E4F0A
Teffector,TEFF,1,manual,,CT349D137313119F83,CTDD003CDBE64E4F0A
eff-T,TEFF,1,manual,,CTD19AC6BD8E7713C6,CTDD003CDBE64E4F0A
eff T,TEFF,1,manual,,CT5D362E27F7F834B9,CTDD003CDBE64E4F0A
effT,TEFF,1,manual,,CT95553BC8409D7A80,CTDD003CDBE64E4F0A
effector-T,TEFF,1,manual,,CTCA50CBE9FA91F02D,CTDD003CDBE64E4F0A
effector T,TEFF,1,manual,,CT9B579511AB005BA2,CTDD003CDBE64E4F0A
effectorT,TEFF,1,manual,,CTBCE3349A057761BE,CTDD003CDBE64E4F0A
TEM,TEM,1,manual,,CTC594335ADD6A1D77,CTC594335ADD6A1D77
T-em,TEM,1,manual,,CT4D59D3BE2C5C58CD,CTC594335ADD6A1D77
T em,TEM,1,manual,,CTA392D79C533555D4,CTC594335ADD6A1D77
Tem,TEM,1,manual,,CT1EB679429229B3CE,CTC594335ADD6A1D77
em-T,TEM,1,manual,,CT2F706AD1830E18AF,CTC594335ADD6A1D77
em T,TEM,1,manual,,CT8644C92989F443C2,CTC594335ADD6A1D77
emT,TEM,1,manual,,CTB783F97BB8260EB8,CTC594335ADD6A1D77
effector-memory-T,TEM,1,manual,,CTE491F3B2896DBE65,CTC594335ADD6A1D77
effector memory T,TEM,1,manual,,CT52B19DA73925C79D,CTC594335ADD6A1D77
effectormemoryT,TEM,1,manual,,CTE681861357A9FA39,CTC594335ADD6A1D77
TEMRA,TEMRA,1,manual,,CTF0E55D1135013203,CTF0E55D1135013203
T-emra,TEMRA,1,manual,,CT75029589FA9FEFDC,CTF0E55D1135013203
T emra,TEMRA,1,manual,,CT9CE540B6C1FBA0DE,CTF0E55D1135013203
Temra,TEMRA,1,manual,,CT1F15EA6A8CA41BF6,CTF0E55D1135013203
emra-T,TEMRA,1,manual,,CTDD3163ACF127D081,CTF0E55D1135013203
emra T,TEMRA,1,manual,,CTE6DB7B4442816CA5,CTF0E55D1135013203
emraT,TEMRA,1,manual,,CT7C2693DCF4506526,CTF0E55D1135013203
TMEM,TMEM,1,manual,,CT1C58993C5B5BD3B8,CT1C58993C5B5BD3B8
T-mem,TMEM,1,manual,,CT39C539BBA52DF419,CT1C58993C5B5BD3B8
T mem,TMEM,1,manual,,CT4AF44DEDE9E4AC4D,CT1C58993C5B5BD3B8
Tmem,TMEM,1,manual,,CT7D4C64939FB84ED4,CT1C58993C5B5BD3B8
memory-T,TMEM,1,manual,,CTA88DD6188569D63E,CT1C58993C5B5BD3B8
memory T,TMEM,1,manual,,CTA24AFB5E1D6F58C6,CT1C58993C5B5BD3B8
memoryT,TMEM,1,manual,,CT1AF28D900F851FD5,CT1C58993C5B5BD3B8
mem-T,TMEM,1,manual,,CT5B76205E4AAFF2EA,CT1C58993C5B5BD3B8
mem T,TMEM,1,manual,,CT66312315DDD1E141,CT1C58993C5B5BD3B8
memT,TMEM,1,manual,,CTBD4BA661524FB1F2,CT1C58993C5B5BD3B8
TN,TN,1,manual,,CT591AB86BE24D7A57,CT591AB86BE24D7A57
T-naïve,TN,1,manual,,CTE283259FDAF532CC,CT591AB86BE24D7A57
T naïve,TN,1,manual,,CTC08BA13585D27DA5,CT591AB86BE24D7A57
Tnaïve,TN,1,manual,,CTA34535F3D8CB4079,CT591AB86BE24D7A57
T-naive,TN,1,manual,,CT6D35F4BB1D4D94BF,CT591AB86BE24D7A57
T naive,TN,1,manual,,CT914CAA041EFE3BA4,CT591AB86BE24D7A57
Tnaive,TN,1,manual,,CTBC2F66331EEFC90A,CT591AB86BE24D7A57
naïve-T,TN,1,manual,,CT4BD7F38ADACA5FA6,CT591AB86BE24D7A57
naïve T,TN,1,manual,,CT9E267C696796470F,CT591AB86BE24D7A57
naïveT,TN,1,manual,,CTB81FF117D3F18140,CT591AB86BE24D7A57
naive-T,TN,1,manual,,CTA767387D66EDCE56,CT591AB86BE24D7A57
naive T,TN,1,manual,,CT603FB480B153FDC0,CT591AB86BE24D7A57
naiveT,TN,1,manual,,CTC49A80DD5FC2B1E1,CT591AB86BE24D7A57
Tc,Tc,1,manual,,CT231C4EC31B01615E,CT231C4EC31B01615E
T-Cytotoxic,Tc,1,manual,,CTD245622E01143126,CT231C4EC31B01615E
T Cytotoxic,Tc,1,manual,,CTA862C2FD3BA4AECC,CT231C4EC31B01615E
TCytotoxic,Tc,1,manual,,CT59F4CAA7463C280D,CT231C4EC31B01615E
Cytotoxic-T,Tc,1,manual,,CT92B0CE2D38EB1B97,CT231C4EC31B01615E
Cytotoxic T,Tc,1,manual,,CTC81C74E7FEBECC5F,CT231C4EC31B01615E
CytotoxicT,Tc,1,manual,,CT6C43D0BB756A2C01,CT231C4EC31B01615E
Cytolitic-T,Tc,1,manual,,CT66A652B4940AA0F3,CT231C4EC31B01615E
Cytolitic T,Tc,1,manual,,CT6D24E1F8E17B3685,CT231C4EC31B01615E
CytoliticT,Tc,1,manual,,CT705532CECBDD99D4,CT231C4EC31B01615E
T-Cytolitic,Tc,1,manual,,CTCEFBC32539C0C161,CT231C4EC31B01615E
T Cytolitic,Tc,1,manual,,CTBAF812AD7846BFEF,CT231C4EC31B01615E
TCytolitic,Tc,1,manual,,CT330D20F1D3BA3CEA,CT231C4EC31B01615E
Tc0,Tc0,1,manual,,CT65B6393015C16630,CT65B6393015C16630
Tc-0,Tc0,1,manual,,CTF1F3B512C94003BA,CT65B6393015C16630
Tc 0,Tc0,1,manual,,CTDDDECA0C4EAD189D,CT65B6393015C16630
T-cytolitic-0,Tc0,1,manual,,CT82BD1FC42C3F107C,CT65B6393015C16630
T cytolitic 0,Tc0,1,manual,,CTC8EE2566C3249D1A,CT65B6393015C16630
Tcytolitic0,Tc0,1,manual,,CT25CA9F280E00A0E3,CT65B6393015C16630
T cytolitic-0,Tc0,1,manual,,CT0D6BAE80B37AEF9E,CT65B6393015C16630
T cytolitic0,Tc0,1,manual,,CTFFEB505BE6DAE900,CT65B6393015C16630
T-cytotoxic-0,Tc0,1,manual,,CT3052A89F7CDBF44C,CT65B6393015C16630
T cytotoxic 0,Tc0,1,manual,,CT41CE2512DC61B72B,CT65B6393015C16630
Tcytotoxic0,Tc0,1,manual,,CTFD90783D71A8B9FF,CT65B6393015C16630
T cytotoxic-0,Tc0,1,manual,,CT0843BCA290EA7D6A,CT65B6393015C16630
T cytotoxic0,Tc0,1,manual,,CT1D1DDFA57A62638F,CT65B6393015C16630
Tc1,Tc1,1,manual,,CT205A00BF9BAE8E8E,CT205A00BF9BAE8E8E
Tc-1,Tc1,1,manual,,CT483940415E70B904,CT205A00BF9BAE8E8E
Tc 1,Tc1,1,manual,,CT04B741743BE3BA62,CT205A00BF9BAE8E8E
T-cytolitic-1,Tc1,1,manual,,CT54622AD1678C5A18,CT205A00BF9BAE8E8E
T cytolitic 1,Tc1,1,manual,,CTE79382DE92813156,CT205A00BF9BAE8E8E
Tcytolitic1,Tc1,1,manual,,CTAAD36406367AB353,CT205A00BF9BAE8E8E
T cytolitic-1,Tc1,1,manual,,CTD5CDCDC352710870,CT205A00BF9BAE8E8E
T cytolitic1,Tc1,1,manual,,CTFE627E65FCB017D8,CT205A00BF9BAE8E8E
T-cytotoxic-1,Tc1,1,manual,,CT56E14A77CEE6A539,CT205A00BF9BAE8E8E
T cytotoxic 1,Tc1,1,manual,,CTFA93F131C3EE8E2C,CT205A00BF9BAE8E8E
Tcytotoxic1,Tc1,1,manual,,CTAF4983136838B1C6,CT205A00BF9BAE8E8E
T cytotoxic-1,Tc1,1,manual,,CT25103EEE7129D763,CT205A00BF9BAE8E8E
T cytotoxic1,Tc1,1,manual,,CT5197F02369446D39,CT205A00BF9BAE8E8E
Tc17,Tc17,1,manual,,CT327866E1E3907440,CT327866E1E3907440
Tc-17,Tc17,1,manual,,CTCA95D88B9CA7CDB7,CT327866E1E3907440
Tc 17,Tc17,1,manual,,CTBB781D641F404C1F,CT327866E1E3907440
T-cytolitic-17,Tc17,1,manual,,CTC53EE12492F14A64,CT327866E1E3907440
T cytolitic 17,Tc17,1,manual,,CTFED97ED00C36012F,CT327866E1E3907440
Tcytolitic17,Tc17,1,manual,,CT48BC149E59A84897,CT327866E1E3907440
T cytolitic-17,Tc17,1,manual,,CT30F34B2809CDEAD6,CT327866E1E3907440
T cytolitic17,Tc17,1,manual,,CT4ED2D786A59F0B27,CT327866E1E3907440
T-cytotoxic-17,Tc17,1,manual,,CTF3C1C8081F4C176A,CT327866E1E3907440
T cytotoxic 17,Tc17,1,manual,,CTDF43658DAC2F0E76,CT327866E1E3907440
Tcytotoxic17,Tc17,1,manual,,CTB081C64A6C4881A1,CT327866E1E3907440
T cytotoxic-17,Tc17,1,manual,,CT6F59B64027DCB470,CT327866E1E3907440
T cytotoxic17,Tc17,1,manual,,CT3B5C0DB3F552974F,CT327866E1E3907440
Tc2,Tc2,1,manual,,CT2E2781EAF1B7E6A7,CT2E2781EAF1B7E6A7
Tc-2,Tc2,1,manual,,CT3B5B0CE406666C57,CT2E2781EAF1B7E6A7
Tc 2,Tc2,1,manual,,CTB18722F5AAED531E,CT2E2781EAF1B7E6A7
T-cytolitic-2,Tc2,1,manual,,CTC94E172AA72F7F54,CT2E2781EAF1B7E6A7
T cytolitic 2,Tc2,1,manual,,CTAF3ADBD00F6FBB94,CT2E2781EAF1B7E6A7
Tcytolitic2,Tc2,1,manual,,CTE07B02163AB194A5,CT2E2781EAF1B7E6A7
T cytolitic-2,Tc2,1,manual,,CT63215EE3F6C7B5F6,CT2E2781EAF1B7E6A7
T cytolitic2,Tc2,1,manual,,CT206425114D7DEDFB,CT2E2781EAF1B7E6A7
T-cytotoxic-2,Tc2,1,manual,,CT5525CF8F57B406C3,CT2E2781EAF1B7E6A7
T cytotoxic 2,Tc2,1,manual,,CTF40ECAFFD3079880,CT2E2781EAF1B7E6A7
Tcytotoxic2,Tc2,1,manual,,CT3AEAC80005BAB7A8,CT2E2781EAF1B7E6A7
T cytotoxic-2,Tc2,1,manual,,CT711C4EC51D63792E,CT2E2781EAF1B7E6A7
T cytotoxic2,Tc2,1,manual,,CT7F09E31DFFEC60FD,CT2E2781EAF1B7E6A7
Tc22,Tc22,1,manual,,CTC1BA9D61223B0018,CTC1BA9D61223B0018
Tc-22,Tc22,1,manual,,CT11E8926F9013257D,CTC1BA9D61223B0018
Tc 22,Tc22,1,manual,,CT2B955D0110C0823E,CTC1BA9D61223B0018
T-cytolitic-22,Tc22,1,manual,,CTFE708A7323A4BA49,CTC1BA9D61223B0018
T cytolitic 22,Tc22,1,manual,,CT3FDABF55234C001B,CTC1BA9D61223B0018
Tcytolitic22,Tc22,1,manual,,CTF57EA7B301F94911,CTC1BA9D61223B0018
T cytolitic-22,Tc22,1,manual,,CT8090470195679622,CTC1BA9D61223B0018
T cytolitic22,Tc22,1,manual,,CTAAB717D86F347FD4,CTC1BA9D61223B0018
T-cytotoxic-22,Tc22,1,manual,,CT5B0E9B58B75ADB84,CTC1BA9D61223B0018
T cytotoxic 22,Tc22,1,manual,,CTAFE2D710CCDE068C,CTC1BA9D61223B0018
Tcytotoxic22,Tc22,1,manual,,CTD2D42EDBE26AF7AA,CTC1BA9D61223B0018
T cytotoxic-22,Tc22,1,manual,,CTEB1A3E4E28DDC51B,CTC1BA9D61223B0018
T cytotoxic22,Tc22,1,manual,,CT6FCB669BA97311E0,CTC1BA9D61223B0018
Tc3,Tc3,1,manual,,CTD80BFE3B7E288701,CTD80BFE3B7E288701
Tc-3,Tc3,1,manual,,CTFEAD1B4A45DEC9D9,CTD80BFE3B7E288701
Tc 3,Tc3,1,manual,,CTFB0DF2039963CFA7,CTD80BFE3B7E288701
T-cytolitic-3,Tc3,1,manual,,CTFF05F6D6BB567FD0,CTD80BFE3B7E288701
T cytolitic 3,Tc3,1,manual,,CT257401954C18FB9F,CTD80BFE3B7E288701
Tcytolitic3,Tc3,1,manual,,CTB73E9BDF33CC9685,CTD80BFE3B7E288701
T cytolitic-3,Tc3,1,manual,,CT41D823228F5572F0,CTD80BFE3B7E288701
T cytolitic3,Tc3,1,manual,,CT2399A2E75EF8E20F,CTD80BFE3B7E288701
T-cytotoxic-3,Tc3,1,manual,,CT12B0D4519AFE120A,CTD80BFE3B7E288701
T cytotoxic 3,Tc3,1,manual,,CT10B030286E1A7866,CTD80BFE3B7E288701
Tcytotoxic3,Tc3,1,manual,,CT091FA9EE3F2EBF64,CTD80BFE3B7E288701
T cytotoxic-3,Tc3,1,manual,,CT89C29ECDE176E783,CTD80BFE3B7E288701
T cytotoxic3,Tc3,1,manual,,CTCC3AA50F7A23379A,CTD80BFE3B7E288701
Tc9,Tc9,1,manual,,CTE04A30E58091CBA5,CTE04A30E58091CBA5
Tc-9,Tc9,1,manual,,CTE6FA5D30EF3E3BE3,CTE04A30E58091CBA5
Tc 9,Tc9,1,manual,,CTC28445A7D0B037CC,CTE04A30E58091CBA5
T-cytolitic-9,Tc9,1,manual,,CTC4959AB34E736B0C,CTE04A30E58091CBA5
T cytolitic 9,Tc9,1,manual,,CT474DF08C4CC08AA3,CTE04A30E58091CBA5
Tcytolitic9,Tc9,1,manual,,CT35966C4082BCD3D1,CTE04A30E58091CBA5
T cytolitic-9,Tc9,1,manual,,CTE351708A4AF8EA15,CTE04A30E58091CBA5
T cytolitic9,Tc9,1,manual,,CTA325D43A5D5FE394,CTE04A30E58091CBA5
T-cytotoxic-9,Tc9,1,manual,,CTB53D2BA7B0F190DE,CTE04A30E58091CBA5
T cytotoxic 9,Tc9,1,manual,,CT304E9BB68F95F110,CTE04A30E58091CBA5
Tcytotoxic9,Tc9,1,manual,,CTD1C67CFF946AB06F,CTE04A30E58091CBA5
T cytotoxic-9,Tc9,1,manual,,CT1EE527C897EA1289,CTE04A30E58091CBA5
T cytotoxic9,Tc9,1,manual,,CT4720F69D3B9EFCFA,CTE04A30E58091CBA5
Tfh,Tfh,1,manual,,CTE9F6070561C95355,CTE9F6070561C95355
T-FH,Tfh,1,manual,,CT0CD4BA25387D3880,CTE9F6070561C95355
T FH,Tfh,1,manual,,CT066098C73E34DBDA,CTE9F6070561C95355
TFH,Tfh,1,manual,,CT954E3C2D0B390922,CTE9F6070561C95355
T-follicular-helper,Tfh,1,manual,,CT521FD23411A69F7B,CTE9F6070561C95355
T follicular helper,Tfh,1,manual,,CT5C03730892B0B7E0,CTE9F6070561C95355
Tfollicularhelper,Tfh,1,manual,,CT10F75C923DC5D960,CTE9F6070561C95355
follicular-helper-T,Tfh,1,manual,,CT8A54A7929F3074FF,CTE9F6070561C95355
follicular helper T,Tfh,1,manual,,CT48DDD25612FEC28B,CTE9F6070561C95355
follicularhelperT,Tfh,1,manual,,CT92FD47DCB488F926,CTE9F6070561C95355
fhT,Tfh,1,manual,,CT386C62D84E63431D,CTE9F6070561C95355
Tfh0like,Tfh0like,1,manual,,CTE6B7261263DA1B3B,CTE6B7261263DA1B3B
Tfh-0-like,Tfh0like,1,manual,,CTE42F7E0B7B148669,CTE6B7261263DA1B3B
Tfh 0 like,Tfh0like,1,manual,,CT4C4E06934985EE0B,CTE6B7261263DA1B3B
Tfh-0like,Tfh0like,1,manual,,CT45609D016E2D1EF2,CTE6B7261263DA1B3B
Tfh 0like,Tfh0like,1,manual,,CTB24C7CCB646D85F4,CTE6B7261263DA1B3B
Tfh0-like,Tfh0like,1,manual,,CTBDF580ED5F4F9A32,CTE6B7261263DA1B3B
Tfh0 like,Tfh0like,1,manual,,CT2DF6A03489C70D17,CTE6B7261263DA1B3B
Tfh17like,Tfh17like,1,manual,,CT624FECF640AD3C9B,CT624FECF640AD3C9B
Tfh-17-like,Tfh17like,1,manual,,CT973EE538F78F7CE0,CT624FECF640AD3C9B
Tfh 17 like,Tfh17like,1,manual,,CT515E910747D91DD2,CT624FECF640AD3C9B
Tfh-17like,Tfh17like,1,manual,,CT30E73493CBA7AA0A,CT624FECF640AD3C9B
Tfh 17like,Tfh17like,1,manual,,CT1D7A95D5911983C8,CT624FECF640AD3C9B
Tfh17-like,Tfh17like,1,manual,,CT39A101B7D9B49DE1,CT624FECF640AD3C9B
Tfh17 like,Tfh17like,1,manual,,CTE6853B4ED00AD95D,CT624FECF640AD3C9B
Tfh1like,Tfh1like,1,manual,,CT49AEF31EC9F181CC,CT49AEF31EC9F181CC
Tfh-1-like,Tfh1like,1,manual,,CT73FBBE4EEFE61CC1,CT49AEF31EC9F181CC
Tfh 1 like,Tfh1like,1,manual,,CT35B13E981CE1580B,CT49AEF31EC9F181CC
Tfh-1like,Tfh1like,1,manual,,CT7A6DFA0CD2D3351A,CT49AEF31EC9F181CC
Tfh 1like,Tfh1like,1,manual,,CT8CDDC11E827611F1,CT49AEF31EC9F181CC
Tfh1-like,Tfh1like,1,manual,,CTF23CD9A4065700B8,CT49AEF31EC9F181CC
Tfh1 like,Tfh1like,1,manual,,CT69817CCC9222EB0F,CT49AEF31EC9F181CC
Tfh22like,Tfh22like,1,manual,,CT779D2B91779EFC58,CT779D2B91779EFC58
Tfh-22-like,Tfh22like,1,manual,,CT057D92A144BAAF82,CT779D2B91779EFC58
Tfh 22 like,Tfh22like,1,manual,,CT239465A936766120,CT779D2B91779EFC58
Tfh-22like,Tfh22like,1,manual,,CT485262519A0EE2AB,CT779D2B91779EFC58
Tfh 22like,Tfh22like,1,manual,,CT10157FB5DEBC069A,CT779D2B91779EFC58
Tfh22-like,Tfh22like,1,manual,,CT032310274690FA94,CT779D2B91779EFC58
Tfh22 like,Tfh22like,1,manual,,CTA0375D4C42C1A54F,CT779D2B91779EFC58
Tfh2like,Tfh2like,1,manual,,CT81EFEDB40BDDB00A,CT81EFEDB40BDDB00A
Tfh-2-like,Tfh2like,1,manual,,CTAE10C4F5F15B5D60,CT81EFEDB40BDDB00A
Tfh 2 like,Tfh2like,1,manual,,CT4CE6D5353B6A0E2C,CT81EFEDB40BDDB00A
Tfh-2like,Tfh2like,1,manual,,CT2AF59E722E4CC7D1,CT81EFEDB40BDDB00A
Tfh 2like,Tfh2like,1,manual,,CTAA26A4F9E4D652E9,CT81EFEDB40BDDB00A
Tfh2-like,Tfh2like,1,manual,,CTC05F562719A6CA09,CT81EFEDB40BDDB00A
Tfh2 like,Tfh2like,1,manual,,CT7EE8EB11345C2DE1,CT81EFEDB40BDDB00A
Tfh3like,Tfh3like,1,manual,,CT244C25D39B27D2DC,CT244C25D39B27D2DC
Tfh-3-like,Tfh3like,1,manual,,CTC0C6189E4FAEF756,CT244C25D39B27D2DC
Tfh 3 like,Tfh3like,1,manual,,CT4CB0A71FDE88CFC7,CT244C25D39B27D2DC
Tfh-3like,Tfh3like,1,manual,,CTD03EFA265DFB84FA,CT244C25D39B27D2DC
Tfh 3like,Tfh3like,1,manual,,CT07CE049A03DE687C,CT244C25D39B27D2DC
Tfh3-like,Tfh3like,1,manual,,CT0036E1CA14D899D1,CT244C25D39B27D2DC
Tfh3 like,Tfh3like,1,manual,,CT88EA552AED0372CA,CT244C25D39B27D2DC
Tfh9like,Tfh9like,1,manual,,CT7E9DB73C52E99B8C,CT7E9DB73C52E99B8C
Tfh-9-like,Tfh9like,1,manual,,CT42D6D866CA91599A,CT7E9DB73C52E99B8C
Tfh 9 like,Tfh9like,1,manual,,CTD1F221764A1ECBE7,CT7E9DB73C52E99B8C
Tfh-9like,Tfh9like,1,manual,,CTBB4452FFA6E1CE5F,CT7E9DB73C52E99B8C
Tfh 9like,Tfh9like,1,manual,,CT61BDDE6C74CA1857,CT7E9DB73C52E99B8C
Tfh9-like,Tfh9like,1,manual,,CTFAF0538516AD0EE6,CT7E9DB73C52E99B8C
Tfh9 like,Tfh9like,1,manual,,CT90565B2E0420B019,CT7E9DB73C52E99B8C
Tfreg,Tfreg,1,manual,,CT4E9D5B6DEAA23CBE,CT4E9D5B6DEAA23CBE
Tf-reg,Tfreg,1,manual,,CT62EE1B227F5AB3D4,CT4E9D5B6DEAA23CBE
Tf reg,Tfreg,1,manual,,CTEBECD210A2D2B3D8,CT4E9D5B6DEAA23CBE
T-follicular-regulatory,Tfreg,1,manual,,CT0D6F31162B2C38E4,CT4E9D5B6DEAA23CBE
T follicular regulatory,Tfreg,1,manual,,CTCA38527363A84118,CT4E9D5B6DEAA23CBE
Tfollicularregulatory,Tfreg,1,manual,,CT3C8024CF8AC5C74D,CT4E9D5B6DEAA23CBE
follicular-regulatory-T,Tfreg,1,manual,,CTE1A42B6CE7F6FB31,CT4E9D5B6DEAA23CBE
follicular regulatory T,Tfreg,1,manual,,CT1D4EEB86C27A8250,CT4E9D5B6DEAA23CBE
follicularregulatoryT,Tfreg,1,manual,,CTEA573BC8B1487546,CT4E9D5B6DEAA23CBE
follicular-Treg,Tfreg,1,manual,,CTBD40BC6DC9E87DB4,CT4E9D5B6DEAA23CBE
follicular Treg,Tfreg,1,manual,,CTD05AFB2A4658E931,CT4E9D5B6DEAA23CBE
follicularTreg,Tfreg,1,manual,,CTB66A27065A878441,CT4E9D5B6DEAA23CBE
fTreg,Tfreg,1,manual,,CT1DBFA52A27A5671F,CT4E9D5B6DEAA23CBE
Th,Th,1,manual,,CTB7DFCED683E6F0A9,CTB7DFCED683E6F0A9
T-Helper,Th,1,manual,,CT58AC91B99EE259CE,CTB7DFCED683E6F0A9
T Helper,Th,1,manual,,CTCC4CF8EAB76DFC68,CTB7DFCED683E6F0A9
THelper,Th,1,manual,,CT0107866BBCD97E04,CTB7DFCED683E6F0A9
Helper-T,Th,1,manual,,CT068AEEF38840649E,CTB7DFCED683E6F0A9
Helper T,Th,1,manual,,CT7580C71A46994EC5,CTB7DFCED683E6F0A9
HelperT,Th,1,manual,,CTAF0873D2974B1075,CTB7DFCED683E6F0A9
Th0,Th0,1,manual,,CTBDDE0043F47EDCC1,CTBDDE0043F47EDCC1
Th-0,Th0,1,manual,,CT9B8AEFDE61D40F75,CTBDDE0043F47EDCC1
Th 0,Th0,1,manual,,CT04A2F5E4125FA594,CTBDDE0043F47EDCC1
T-helper-0,Th0,1,manual,,CTBD1BDE561333FA0A,CTBDDE0043F47EDCC1
T helper 0,Th0,1,manual,,CT550BD2F6E7C9F4A6,CTBDDE0043F47EDCC1
Thelper0,Th0,1,manual,,CT2B7FD02233168156,CTBDDE0043F47EDCC1
T helper-0,Th0,1,manual,,CTBC9FA80EE17CA2E5,CTBDDE0043F47EDCC1
T helper0,Th0,1,manual,,CT9A818973E0998B9E,CTBDDE0043F47EDCC1
T helper cell-0,Th0,1,manual,,CTB892DCDD2C21C6DF,CTBDDE0043F47EDCC1
T helper cell 0,Th0,1,manual,,CT5F70E65A2C2D46F8,CTBDDE0043F47EDCC1
T helper cell0,Th0,1,manual,,CT9DFB68711B9B83F4,CTBDDE0043F47EDCC1
T helper cell (Th)-0,Th0,1,manual,,CT91D68623166C289E,CTBDDE0043F47EDCC1
T helper cell (Th) 0,Th0,1,manual,,CT8CC2E312D977D4DA,CTBDDE0043F47EDCC1
T helper cell (Th)0,Th0,1,manual,,CT0CCD8421F603F916,CTBDDE0043F47EDCC1
Th1,Th1,1,manual,,CTC3A8C3CBC245616A,CTC3A8C3CBC245616A
Th-1,Th1,1,manual,,CT1706049E8C1B882B,CTC3A8C3CBC245616A
Th 1,Th1,1,manual,,CTA7F9F663B53FB244,CTC3A8C3CBC245616A
T-helper-1,Th1,1,manual,,CT0E1FCE053B4D59AE,CTC3A8C3CBC245616A
T helper 1,Th1,1,manual,,CTB9E67D49AC31229E,CTC3A8C3CBC245616A
Thelper1,Th1,1,manual,,CTAE4BD62FBA64B6AB,CTC3A8C3CBC245616A
T helper-1,Th1,1,manual,,CTA6159CCA23CACA9A,CTC3A8C3CBC245616A
T helper1,Th1,1,manual,,CTC6F3003F9F2CF832,CTC3A8C3CBC245616A
T helper cell-1,Th1,1,manual,,CT495B1EC19CDE23F5,CTC3A8C3CBC245616A
T helper cell 1,Th1,1,manual,,CTAD54E08DFBAC34F5,CTC3A8C3CBC245616A
T helper cell1,Th1,1,manual,,CTEC3CA2BDF16E3CF9,CTC3A8C3CBC245616A
T helper cell (Th)-1,Th1,1,manual,,CT5E071A9C02DC4670,CTC3A8C3CBC245616A
T helper cell (Th) 1,Th1,1,manual,,CTAC5A76F5F365E8F5,CTC3A8C3CBC245616A
T helper cell (Th)1,Th1,1,manual,,CT17D67546255B9992,CTC3A8C3CBC245616A
Th17,Th17,1,manual,,CTBFBDE5121B6748D1,CTBFBDE5121B6748D1
Th-17,Th17,1,manual,,CT64B32562BEB9C387,CTBFBDE5121B6748D1
Th 17,Th17,1,manual,,CT69A339B407E8E611,CTBFBDE5121B6748D1
T-helper-17,Th17,1,manual,,CTB98C1200C32FCED4,CTBFBDE5121B6748D1
T helper 17,Th17,1,manual,,CT6A1BAFDAC6D9FA8E,CTBFBDE5121B6748D1
Thelper17,Th17,1,manual,,CTE67BD0835A8A8834,CTBFBDE5121B6748D1
T helper-17,Th17,1,manual,,CT7560A2CE682D8FF5,CTBFBDE5121B6748D1
T helper17,Th17,1,manual,,CTEFC9F1601050FFBC,CTBFBDE5121B6748D1
T helper cell-17,Th17,1,manual,,CT89BCF6007F636582,CTBFBDE5121B6748D1
T helper cell 17,Th17,1,manual,,CTEDC892651A19DC88,CTBFBDE5121B6748D1
T helper cell17,Th17,1,manual,,CT6A21A556CE83FECA,CTBFBDE5121B6748D1
T helper cell (Th)-17,Th17,1,manual,,CT00A63F9F580D6897,CTBFBDE5121B6748D1
T helper cell (Th) 17,Th17,1,manual,,CT86ECE8DCFDF934C5,CTBFBDE5121B6748D1
T helper cell (Th)17,Th17,1,manual,,CT6F15BEA1F53D276A,CTBFBDE5121B6748D1
Th2,Th2,1,manual,,CTE7B12DC660323A0E,CTE7B12DC660323A0E
Th-2,Th2,1,manual,,CT4CB990BA5E7B3844,CTE7B12DC660323A0E
Th 2,Th2,1,manual,,CTFFEE6E9794641E9C,CTE7B12DC660323A0E
T-helper-2,Th2,1,manual,,CT86466BB33A2CC5C7,CTE7B12DC660323A0E
T helper 2,Th2,1,manual,,CT09B3461D7DB3F3D4,CTE7B12DC660323A0E
Thelper2,Th2,1,manual,,CTF478D26F7F4E05DC,CTE7B12DC660323A0E
T helper-2,Th2,1,manual,,CT93FA266CA972AA30,CTE7B12DC660323A0E
T helper2,Th2,1,manual,,CT55C7CB235A718992,CTE7B12DC660323A0E
T helper cell-2,Th2,1,manual,,CT245A57246FB5F0D7,CTE7B12DC660323A0E
T helper cell 2,Th2,1,manual,,CT861DD95B35F57361,CTE7B12DC660323A0E
T helper cell2,Th2,1,manual,,CT2A0952773820C1AB,CTE7B12DC660323A0E
T helper cell (Th)-2,Th2,1,manual,,CTF57EB7E4826C000D,CTE7B12DC660323A0E
T helper cell (Th) 2,Th2,1,manual,,CTA6AAEC6E0E6B18F8,CTE7B12DC660323A0E
T helper cell (Th)2,Th2,1,manual,,CT8247CEDE7EEC3DB7,CTE7B12DC660323A0E
Th22,Th22,1,manual,,CT6312BB928ADE8934,CT6312BB928ADE8934
Th-22,Th22,1,manual,,CTEB86C8208ACE374E,CT6312BB928ADE8934
Th 22,Th22,1,manual,,CT197F61D45ED1FEBF,CT6312BB928ADE8934
T-helper-22,Th22,1,manual,,CTDBCFBD56767E78BD,CT6312BB928ADE8934
T helper 22,Th22,1,manual,,CT6EE070829882AAD5,CT6312BB928ADE8934
Thelper22,Th22,1,manual,,CT9B1370FBACCFF422,CT6312BB928ADE8934
T helper-22,Th22,1,manual,,CT6C950C1A47F439E6,CT6312BB928ADE8934
T helper22,Th22,1,manual,,CTF8FC50627157A41C,CT6312BB928ADE8934
T helper cell-22,Th22,1,manual,,CT9883FC8D567A31F8,CT6312BB928ADE8934
T helper cell 22,Th22,1,manual,,CTF554D0259B9CDBC1,CT6312BB928ADE8934
T helper cell22,Th22,1,manual,,CT7D678901B0A01837,CT6312BB928ADE8934
T helper cell (Th)-22,Th22,1,manual,,CT03D94CE4B7D4F69B,CT6312BB928ADE8934
T helper cell (Th) 22,Th22,1,manual,,CT31A64E7FAE9E17C3,CT6312BB928ADE8934
T helper cell (Th)22,Th22,1,manual,,CTB569620F140EDAD0,CT6312BB928ADE8934
Th3,Th3,1,manual,,CT4FD00610821F1F26,CT4FD00610821F1F26
Th-3,Th3,1,manual,,CT300108182514593E,CT4FD00610821F1F26
Th 3,Th3,1,manual,,CTECF836E054D42DA2,CT4FD00610821F1F26
T-helper-3,Th3,1,manual,,CTFC3FE740B19D9E39,CT4FD00610821F1F26
T helper 3,Th3,1,manual,,CT182948C2AF770DFC,CT4FD00610821F1F26
Thelper3,Th3,1,manual,,CT91650C3DB0886614,CT4FD00610821F1F26
T helper-3,Th3,1,manual,,CTB6BA97D073CD02E6,CT4FD00610821F1F26
T helper3,Th3,1,manual,,CTB62EF3B1FB2BF817,CT4FD00610821F1F26
T helper cell-3,Th3,1,manual,,CT49D76624FF94C2DC,CT4FD00610821F1F26
T helper cell 3,Th3,1,manual,,CTE0DF5992762B4DEA,CT4FD00610821F1F26
T helper cell3,Th3,1,manual,,CTB1C30B26D518EF3B,CT4FD00610821F1F26
T helper cell (Th)-3,Th3,1,manual,,CT2663C68FAF7E83D3,CT4FD00610821F1F26
T helper cell (Th) 3,Th3,1,manual,,CTFEBB8B7AC80E95AD,CT4FD00610821F1F26
T helper cell (Th)3,Th3,1,manual,,CT83E9B2A1542E85ED,CT4FD00610821F1F26
Th9,Th9,1,manual,,CT6972E212EE0037B5,CT6972E212EE0037B5
Th-9,Th9,1,manual,,CT2D45AA77D697DF35,CT6972E212EE0037B5
Th 9,Th9,1,manual,,CT41EE38194ED5DDD6,CT6972E212EE0037B5
T-helper-9,Th9,1,manual,,CTCCE7298EC4B63A1F,CT6972E212EE0037B5
T helper 9,Th9,1,manual,,CT14DB399BEAAC221A,CT6972E212EE0037B5
Thelper9,Th9,1,manual,,CT9C306A5B52634859,CT6972E212EE0037B5
T helper-9,Th9,1,manual,,CTBE9E513230D12765,CT6972E212EE0037B5
T helper9,Th9,1,manual,,CTFDA9E564873B42F0,CT6972E212EE0037B5
T helper cell-9,Th9,1,manual,,CTE6907891FED288F6,CT6972E212EE0037B5
T helper cell 9,Th9,1,manual,,CT7582480C81D42CCF,CT6972E212EE0037B5
T helper cell9,Th9,1,manual,,CTE98D5920872E2086,CT6972E212EE0037B5
T helper cell (Th)-9,Th9,1,manual,,CTFC0A20C33F95F92D,CT6972E212EE0037B5
T helper cell (Th) 9,Th9,1,manual,,CTBAC399725016A5D8,CT6972E212EE0037B5
T helper cell (Th)9,Th9,1,manual,,CT1E5FF7B9AD56E1A6,CT6972E212EE0037B5
ThP,ThP,1,manual,,CTED5968A8EC3C1293,CTED5968A8EC3C1293
Th-Precursor,ThP,1,manual,,CT039F4718C0CA7AA4,CTED5968A8EC3C1293
Th Precursor,ThP,1,manual,,CT72A9DF2705DDC1A8,CTED5968A8EC3C1293
ThPrecursor,ThP,1,manual,,CT338C127FF600AA35,CTED5968A8EC3C1293
Precursor-Th,ThP,1,manual,,CT2C3F787C49BE7B0F,CTED5968A8EC3C1293
Precursor Th,ThP,1,manual,,CT46343D7C23ED172C,CTED5968A8EC3C1293
PrecursorTh,ThP,1,manual,,CT3CC4187B5147BD60,CTED5968A8EC3C1293
Thymocyte,Thymocyte,1,manual,,CTFE4015328B70D553,CTFE4015328B70D553
thymocyte,Thymocyte,1,manual,,CTC9C7612ECCF70285,CTFE4015328B70D553
thymocytes,Thymocyte,1,manual,,CTA435D07EA4694572,CTFE4015328B70D553
Treg,Treg,1,manual,,CTB574584AD019ABB8,CTB574584AD019ABB8
T-reg,Treg,1,manual,,CT30790DAEBA1C60AA,CTB574584AD019ABB8
T reg,Treg,1,manual,,CT2FE7D6F910E61C08,CTB574584AD019ABB8
T-regs,Treg,1,manual,,CTCFECC7DEB54E4B4B,CTB574584AD019ABB8
T regs,Treg,1,manual,,CTDB49523D5D291C94,CTB574584AD019ABB8
Tregs,Treg,1,manual,,CT7AC25DF3B0DDF9BE,CTB574584AD019ABB8
T-regulatory,Treg,1,manual,,CT20906B552CB2CAF7,CTB574584AD019ABB8
T regulatory,Treg,1,manual,,CT9AED12007C55312F,CTB574584AD019ABB8
Tregulatory,Treg,1,manual,,CT48CA3DCDB1A72A4B,CTB574584AD019ABB8
regulatory-T,Treg,1,manual,,CT456FC00F30095833,CTB574584AD019ABB8
regulatory T,Treg,1,manual,,CT30BC86BDEF7B1410,CTB574584AD019ABB8
regulatoryT,Treg,1,manual,,CT1504EA5BADB7F5C2,CTB574584AD019ABB8
Treg1,Treg1,1,manual,,CT301EB268E263D718,CT301EB268E263D718
T-reg1,Treg1,1,manual,,CT5DE44A1C2563D227,CT301EB268E263D718
T reg1,Treg1,1,manual,,CT7D50725779C77961,CT301EB268E263D718
T-reg-1,Treg1,1,manual,,CTA28C8819E14855FA,CT301EB268E263D718
T reg 1,Treg1,1,manual,,CTE92F639AB367AEBD,CT301EB268E263D718
Treg/Th1,Treg1,1,manual,,CTBECC6B287BFA38DD,CT301EB268E263D718
Treg-Th1,Treg1,1,manual,,CTCCBF752A7AE52BD9,CT301EB268E263D718
Treg Th1,Treg1,1,manual,,CTFFD6014356AF9C65,CT301EB268E263D718
TregTh1,Treg1,1,manual,,CTEBC9454DBC3A01CF,CT301EB268E263D718
Tr-1,Treg1,1,manual,,CT6286A4F0C5DDC8F4,CT301EB268E263D718
Tr 1,Treg1,1,manual,,CTA8A3E0B59D65855A,CT301EB268E263D718
Tr1,Treg1,1,manual,,CTCFE1C3AA9D550DBC,CT301EB268E263D718
Treg17,Treg17,1,manual,,CTCDE12B7AA5DF6D92,CTCDE12B7AA5DF6D92
T-reg17,Treg17,1,manual,,CT6355E59C0DB8B2E3,CTCDE12B7AA5DF6D92
T reg17,Treg17,1,manual,,CT4F3699DA55F75E1E,CTCDE12B7AA5DF6D92
T-reg-17,Treg17,1,manual,,CT1491AEDD388EDB7A,CTCDE12B7AA5DF6D92
T reg 17,Treg17,1,manual,,CTD6F10C924A94E4D6,CTCDE12B7AA5DF6D92
Treg/Th17,Treg17,1,manual,,CT6C589D034E4EA1C7,CTCDE12B7AA5DF6D92
Treg-Th17,Treg17,1,manual,,CT1B38BEF66A329210,CTCDE12B7AA5DF6D92
Treg Th17,Treg17,1,manual,,CT528A82F0EA618AAA,CTCDE12B7AA5DF6D92
TregTh17,Treg17,1,manual,,CT7540EEB104EB2544,CTCDE12B7AA5DF6D92
Tr-17,Treg17,1,manual,,CTE90E2F44C95C6BF4,CTCDE12B7AA5DF6D92
Tr 17,Treg17,1,manual,,CTC2BF708FB5802377,CTCDE12B7AA5DF6D92
Tr17,Treg17,1,manual,,CTEC0465B09C31D092,CTCDE12B7AA5DF6D92
Trm,Trm,1,manual,,CT29D18ACA47CF0C24,CT29D18ACA47CF0C24
T-rm,Trm,1,manual,,CTF01FB1498AED0831,CT29D18ACA47CF0C24
T rm,Trm,1,manual,,CTA07E7A828A5538AD,CT29D18ACA47CF0C24
T-resident-memory,Trm,1,manual,,CT28DEA13F38A32296,CT29D18ACA47CF0C24
T resident memory,Trm,1,manual,,CT3D302AF0DF4EB094,CT29D18ACA47CF0C24
Tresidentmemory,Trm,1,manual,,CT253E59D7E1A6769B,CT29D18ACA47CF0C24
resident-memory-T,Trm,1,manual,,CT46ACAC86E3510658,CT29D18ACA47CF0C24
resident memory T,Trm,1,manual,,CTDBF2C117499B94F7,CT29D18ACA47CF0C24
residentmemoryT,Trm,1,manual,,CT2C4DC62A439419EC,CT29D18ACA47CF0C24
Tscm,Tscm,1,manual,,CT72C6B3157F619415,CT72C6B3157F619415
T-SCM,Tscm,1,manual,,CT7D1DFFAA147FC1FA,CT72C6B3157F619415
T SCM,Tscm,1,manual,,CT09DF0B6E02E46EB1,CT72C6B3157F619415
TSCM,Tscm,1,manual,,CTD075588D1BEA3773,CT72C6B3157F619415
T-SC,Tscm,1,manual,,CTCCFFCC400294DF2B,CT72C6B3157F619415
T SC,Tscm,1,manual,,CT17AFABF072F7232D,CT72C6B3157F619415
TSC,Tscm,1,manual,,CTDC3592B5D4291166,CT72C6B3157F619415
stem-memory-T,Tscm,1,manual,,CT274415792035BA5E,CT72C6B3157F619415
stem memory T,Tscm,1,manual,,CT548E67DECB3AC3C5,CT72C6B3157F619415
stemmemoryT,Tscm,1,manual,,CT1B0AD02EBDF9AF64,CT72C6B3157F619415
T-stem-memory,Tscm,1,manual,,CT0FE3C7D9B42B1BE5,CT72C6B3157F619415
T stem memory,Tscm,1,manual,,CT78D74E017B6D67B9,CT72C6B3157F619415
Tstemmemory,Tscm,1,manual,,CT4E6311770CEDAFFA,CT72C6B3157F619415
memory-stem-T,Tscm,1,manual,,CT246B0A65AFF5C2F2,CT72C6B3157F619415
memory stem T,Tscm,1,manual,,CT858FC9123A9B414D,CT72C6B3157F619415
memorystemT,Tscm,1,manual,,CT77332797E64A9521,CT72C6B3157F619415
T-memory-stem,Tscm,1,manual,,CT9C17D467B4A0798C,CT72C6B3157F619415
T memory stem,Tscm,1,manual,,CTA554833A82575211,CT72C6B3157F619415
Tmemorystem,Tscm,1,manual,,CTB66755D0D089DA9E,CT72C6B3157F619415
Tsupp,Tsupp,1,manual,,CTE9FC310D0A75C108,CTE9FC310D0A75C108
Tsuppressor,Tsupp,1,manual,,CTE5A30BC1460BA9C2,CTE9FC310D0A75C108
Ts/c,Tsupp,1,manual,,CTFA75DF7A9FBF6BA3,CTE9FC310D0A75C108
Ts/Tc,Tsupp,1,manual,,CT6B18545B2833BB86,CTE9FC310D0A75C108
T-suppressor/cytotoxic,Tsupp,1,manual,,CT58923AAA2BBD6C22,CTE9FC310D0A75C108
T suppressor/cytotoxic,Tsupp,1,manual,,CTE4E18F3CBAC823D8,CTE9FC310D0A75C108
Tsuppressor/cytotoxic,Tsupp,1,manual,,CT0AFDDE49D67166AE,CTE9FC310D0A75C108
iTreg,iTreg,1,manual,,CT19D812F7CB34BCF6,CT19D812F7CB34BCF6
i-Treg,iTreg,1,manual,,CTA419AF2326ECDEB3,CT19D812F7CB34BCF6
i Treg,iTreg,1,manual,,CT326541C2AD9BA2ED,CT19D812F7CB34BCF6
induced-Treg,iTreg,1,manual,,CTB1409183E8FCA373,CT19D812F7CB34BCF6
induced Treg,iTreg,1,manual,,CT7934BBFEC34F18DD,CT19D812F7CB34BCF6
inducedTreg,iTreg,1,manual,,CT356885F549C5A405,CT19D812F7CB34BCF6
inducible-Treg,iTreg,1,manual,,CT048C1433FCD1D7EC,CT19D812F7CB34BCF6
inducible Treg,iTreg,1,manual,,CT474FDBF6FA47EDFE,CT19D812F7CB34BCF6
inducibleTreg,iTreg,1,manual,,CTC881661E8DBA35BC,CT19D812F7CB34BCF6
induced-T-reg,iTreg,1,manual,,CTB98CA4BDF56F110A,CT19D812F7CB34BCF6
induced T reg,iTreg,1,manual,,CT8021B1101C0ED03C,CT19D812F7CB34BCF6
inducible-T-reg,iTreg,1,manual,,CT87F2AFDAAA296450,CT19D812F7CB34BCF6
inducible T reg,iTreg,1,manual,,CTF5EBC2E89730D2DA,CT19D812F7CB34BCF6
induced T-regulatory,iTreg,1,manual,,CTF5B95E52BB7B8165,CT19D812F7CB34BCF6
induced T regulatory,iTreg,1,manual,,CT48608955EC944A79,CT19D812F7CB34BCF6
induced Tregulatory,iTreg,1,manual,,CTBAF848ED8E1ADCF0,CT19D812F7CB34BCF6
induced-T-regulatory,iTreg,1,manual,,CT65D929982FA5E71A,CT19D812F7CB34BCF6
inducedTregulatory,iTreg,1,manual,,CT8EDF5B957A71257D,CT19D812F7CB34BCF6
induced regulatory-T,iTreg,1,manual,,CT618EB8A5EB927C99,CT19D812F7CB34BCF6
induced regulatory T,iTreg,1,manual,,CT870B9DCD76B507B5,CT19D812F7CB34BCF6
induced regulatoryT,iTreg,1,manual,,CT5EFE167A81D7DFFB,CT19D812F7CB34BCF6
induced-regulatory-T,iTreg,1,manual,,CTE575CB5E865FB61C,CT19D812F7CB34BCF6
inducedregulatoryT,iTreg,1,manual,,CTCA346BA5EC6D7249,CT19D812F7CB34BCF6
inducible T-regulatory,iTreg,1,manual,,CTD40E83358ED004D7,CT19D812F7CB34BCF6
inducible T regulatory,iTreg,1,manual,,CT1521603536498B37,CT19D812F7CB34BCF6
inducible Tregulatory,iTreg,1,manual,,CTD162438B8FB69EF2,CT19D812F7CB34BCF6
inducible-T-regulatory,iTreg,1,manual,,CT4BF51777DA71E5BC,CT19D812F7CB34BCF6
inducibleTregulatory,iTreg,1,manual,,CTD975066F15A0F6AA,CT19D812F7CB34BCF6
inducible regulatory-T,iTreg,1,manual,,CTC4268D5A8983E2BF,CT19D812F7CB34BCF6
inducible regulatory T,iTreg,1,manual,,CT561AB33D0CC11964,CT19D812F7CB34BCF6
inducible regulatoryT,iTreg,1,manual,,CTD6AD2EE94CCCF124,CT19D812F7CB34BCF6
inducible-regulatory-T,iTreg,1,manual,,CTFDDD33416A1010B7,CT19D812F7CB34BCF6
inducibleregulatoryT,iTreg,1,manual,,CTBC9BCD200170B3C5,CT19D812F7CB34BCF6
nTreg,nTreg,1,manual,,CT5D4E277D12A1C208,CT5D4E277D12A1C208
n-Treg,nTreg,1,manual,,CTB096BA9CF1A79E09,CT5D4E277D12A1C208
n Treg,nTreg,1,manual,,CT08A84D23A75710F8,CT5D4E277D12A1C208
natural-Treg,nTreg,1,manual,,CT3A06259D01FE8AE2,CT5D4E277D12A1C208
natural Treg,nTreg,1,manual,,CTC762C83CA977CF37,CT5D4E277D12A1C208
naturalTreg,nTreg,1,manual,,CTCC9309E39FECC8F5,CT5D4E277D12A1C208
natural-T-reg,nTreg,1,manual,,CTE7889A893BBA66E9,CT5D4E277D12A1C208
natural T reg,nTreg,1,manual,,CTDE33636FF90E7E46,CT5D4E277D12A1C208
natural T-regulatory,nTreg,1,manual,,CTA1F47ED40E8C3615,CT5D4E277D12A1C208
natural T regulatory,nTreg,1,manual,,CTDCB831C39335B456,CT5D4E277D12A1C208
natural Tregulatory,nTreg,1,manual,,CT87AAAF5B02BBCC69,CT5D4E277D12A1C208
natural-T-regulatory,nTreg,1,manual,,CTD5BAD662F67F27B1,CT5D4E277D12A1C208
naturalTregulatory,nTreg,1,manual,,CT9355B639F6E98935,CT5D4E277D12A1C208
natural regulatory-T,nTreg,1,manual,,CTF251399BC0FE00F6,CT5D4E277D12A1C208
natural regulatory T,nTreg,1,manual,,CT63A62183E9A1E9F3,CT5D4E277D12A1C208
natural regulatoryT,nTreg,1,manual,,CTF2D0A0BF6B691CA4,CT5D4E277D12A1C208
natural-regulatory-T,nTreg,1,manual,,CTD9059C203A54B8C4,CT5D4E277D12A1C208
naturalregulatoryT,nTreg,1,manual,,CT5F057C7E608EC46B,CT5D4E277D12A1C208
pTreg,pTreg,1,manual,,CTEB875A23AC9FB7E3,CTEB875A23AC9FB7E3
p-Treg,pTreg,1,manual,,CT5D9996F51F173B98,CTEB875A23AC9FB7E3
p Treg,pTreg,1,manual,,CT48C9A3E14F219B92,CTEB875A23AC9FB7E3
peripheral-Treg,pTreg,1,manual,,CT900F60084FAACF31,CTEB875A23AC9FB7E3
peripheral Treg,pTreg,1,manual,,CTC79F324E22A53FC4,CTEB875A23AC9FB7E3
peripheralTreg,pTreg,1,manual,,CT3B3237421BD59C32,CTEB875A23AC9FB7E3
peripheral-T-reg,pTreg,1,manual,,CTBF82F97047738FD4,CTEB875A23AC9FB7E3
peripheral T reg,pTreg,1,manual,,CT10228F871DC07AEF,CTEB875A23AC9FB7E3
peripheral T-regulatory,pTreg,1,manual,,CTFF381A36FFC5B410,CTEB875A23AC9FB7E3
peripheral T regulatory,pTreg,1,manual,,CTFAA25C89858FE4DA,CTEB875A23AC9FB7E3
peripheral Tregulatory,pTreg,1,manual,,CT0D125F91462095C4,CTEB875A23AC9FB7E3
peripheral-T-regulatory,pTreg,1,manual,,CTAA73013BC1E245FE,CTEB875A23AC9FB7E3
peripheralTregulatory,pTreg,1,manual,,CT091E08E796807BAA,CTEB875A23AC9FB7E3
peripheral regulatory-T,pTreg,1,manual,,CTA79C91ECB9407564,CTEB875A23AC9FB7E3
peripheral regulatory T,pTreg,1,manual,,CT41B8E981511B4B7B,CTEB875A23AC9FB7E3
peripheral regulatoryT,pTreg,1,manual,,CTE3F4A22DF02AFE2C,CTEB875A23AC9FB7E3
peripheral-regulatory-T,pTreg,1,manual,,CTE26DD1C3195DD1D5,CTEB875A23AC9FB7E3
peripheralregulatoryT,pTreg,1,manual,,CT9AE8C85BD72F3CF8,CTEB875A23AC9FB7E3
peripherally-induced-Treg,pTreg,1,manual,,CT5D4C8DBDA7C5887F,CTEB875A23AC9FB7E3
peripherally induced Treg,pTreg,1,manual,,CT5EF655AEADE787A4,CTEB875A23AC9FB7E3
peripherallyinducedTreg,pTreg,1,manual,,CT9AECF71C406BDEDB,CTEB875A23AC9FB7E3
γδT,γδT,1,manual,,CT7DC8DD80306E71A2,CT7DC8DD80306E71A2
Gamma-Delta-T,γδT,1,manual,,CT8E4CD7A3287582C0,CT7DC8DD80306E71A2
Gamma Delta T,γδT,1,manual,,CT0E60B45CBC59CB69,CT7DC8DD80306E71A2
GammaDeltaT,γδT,1,manual,,CTD380970570526AAC,CT7DC8DD80306E71A2
T-Gamma-Delta,γδT,1,manual,,CT9A1EF01152585E28,CT7DC8DD80306E71A2
T Gamma Delta,γδT,1,manual,,CT267417E3BAC6A63C,CT7DC8DD80306E71A2
TGammaDelta,γδT,1,manual,,CT95EA231378004670,CT7DC8DD80306E71A2
Gamma/Delta-T,γδT,1,manual,,CT2EA7CA0FDBB8A579,CT7DC8DD80306E71A2
Gamma/Delta T,γδT,1,manual,,CT1DEBB297DE2749C8,CT7DC8DD80306E71A2
Gamma/DeltaT,γδT,1,manual,,CT996D2E18236D82C0,CT7DC8DD80306E71A2
γ/δ-T,γδT,1,manual,,CT643F81D849931A05,CT7DC8DD80306E71A2
γ/δ T,γδT,1,manual,,CT7CE7FB7AB431C8E4,CT7DC8DD80306E71A2
γ/δT,γδT,1,manual,,CTEC01A8F65661C258,CT7DC8DD80306E71A2
g/d-T,γδT,1,manual,,CT57EC332911CD9784,CT7DC8DD80306E71A2
g/d T,γδT,1,manual,,CT81FBFF113AD5F888,CT7DC8DD80306E71A2
g/dT,γδT,1,manual,,CTA5819CB24864520D,CT7DC8DD80306E71A2
γδ-T,γδT,1,manual,,CTC7BFE69BB6C003F5,CT7DC8DD80306E71A2
γδ T,γδT,1,manual,,CT2F38F5748535C6C3,CT7DC8DD80306E71A2
gd-T,γδT,1,manual,,CT9BC878F599805946,CT7DC8DD80306E71A2
gd T,γδT,1,manual,,CT78DCD10C919AA61A,CT7DC8DD80306E71A2
gdT,γδT,1,manual,,CT0B4781CE5E6DC621,CT7DC8DD80306E71A2
Tgd,γδT,1,manual,,CT4D11EB024A0820D8,CT7DC8DD80306E71A2
Tg/d,γδT,1,manual,,CT990B393F563FFB45,CT7DC8DD80306E71A2
γδT-17,γδT-17,1,manual,,CT149D48931F7C3AD9,CT149D48931F7C3AD9
γδ17T,γδT-17,1,manual,,CT17D686A51761C89D,CT149D48931F7C3AD9
gd17T,γδT-17,1,manual,,CTBF7FAFF9B5E026C7,CT149D48931F7C3AD9
T-Gamma-Delta17,γδT-17,1,manual,,CTDD81A734D39E5290,CT149D48931F7C3AD9
T Gamma Delta17,γδT-17,1,manual,,CT78BF2A074AD06B05,CT149D48931F7C3AD9
TGammaDelta17,γδT-17,1,manual,,CTC4BE5FD07467D11A,CT149D48931F7C3AD9
Gamma-Delta17-T,γδT-17,1,manual,,CTA07EB9F2D64AE542,CT149D48931F7C3AD9
Gamma Delta17 T,γδT-17,1,manual,,CT669810ABE185B00F,CT149D48931F7C3AD9
GammaDelta17T,γδT-17,1,manual,,CT87308B873C9A159A,CT149D48931F7C3AD9
γδT-TCS1,γδT-TCS1,1,manual,,CTD69A8858222569FD,CTD69A8858222569FD
TCS1,γδT-TCS1,1,manual,,CT667ECAA6307CEA7B,CTD69A8858222569FD
γδT-Vγ1,γδT-Vγ1,1,manual,,CT8B4DDD5E7259771D,CT8B4DDD5E7259771D
VGamma1-T,γδT-Vγ1,1,manual,,CT56CA3A1EAF96DC12,CT8B4DDD5E7259771D
VGamma1 T,γδT-Vγ1,1,manual,,CTD3D9DCB25ED376CA,CT8B4DDD5E7259771D
VGamma1T,γδT-Vγ1,1,manual,,CTA93D4E307055EED0,CT8B4DDD5E7259771D
Vγ1-T,γδT-Vγ1,1,manual,,CTD48BC975B752FAF5,CT8B4DDD5E7259771D
Vγ1 T,γδT-Vγ1,1,manual,,CTDA4BC943C2388878,CT8B4DDD5E7259771D
Vγ1T,γδT-Vγ1,1,manual,,CTD5066468823DA6E9,CT8B4DDD5E7259771D
Vg1-T,γδT-Vγ1,1,manual,,CT0502FCA447E4BF55,CT8B4DDD5E7259771D
Vg1 T,γδT-Vγ1,1,manual,,CT8C3E517BC2685CF4,CT8B4DDD5E7259771D
Vg1T,γδT-Vγ1,1,manual,,CT2114B388FC4265C6,CT8B4DDD5E7259771D
γδT-Vγ4,γδT-Vγ4,1,manual,,CT08DE018ED5C644E2,CT08DE018ED5C644E2
VGamma4-T,γδT-Vγ4,1,manual,,CTF2B8A19EBB0F9801,CT08DE018ED5C644E2
VGamma4 T,γδT-Vγ4,1,manual,,CTCD5B7C272A62F7FF,CT08DE018ED5C644E2
VGamma4T,γδT-Vγ4,1,manual,,CT6265CD2261B422DE,CT08DE018ED5C644E2
Vγ4-T,γδT-Vγ4,1,manual,,CTF3F4A3CEDAB960E7,CT08DE018ED5C644E2
Vγ4 T,γδT-Vγ4,1,manual,,CT30A38EC4BBC6D9E6,CT08DE018ED5C644E2
Vγ4T,γδT-Vγ4,1,manual,,CT6C3ACF9979469D42,CT08DE018ED5C644E2
Vg4-T,γδT-Vγ4,1,manual,,CTA78AEC38477C57AE,CT08DE018ED5C644E2
Vg4 T,γδT-Vγ4,1,manual,,CT1D1C9946CDC5CB02,CT08DE018ED5C644E2
Vg4T,γδT-Vγ4,1,manual,,CTA98FF113B5B72692,CT08DE018ED5C644E2
γδT-Vγ9,γδT-Vγ9,1,manual,,CTAF5E063E392FC3F6,CTAF5E063E392FC3F6
VGamma9-T,γδT-Vγ9,1,manual,,CTEA08BC0ED5B322A5,CTAF5E063E392FC3F6
VGamma9 T,γδT-Vγ9,1,manual,,CT48DC9DC73432351E,CTAF5E063E392FC3F6
VGamma9T,γδT-Vγ9,1,manual,,CT5798ECC1B5E766C7,CTAF5E063E392FC3F6
Vγ9-T,γδT-Vγ9,1,manual,,CT6D024287CAF7372A,CTAF5E063E392FC3F6
Vγ9 T,γδT-Vγ9,1,manual,,CT515D5C0285B955B0,CTAF5E063E392FC3F6
Vγ9T,γδT-Vγ9,1,manual,,CT337190B7EE066684,CTAF5E063E392FC3F6
Vg9-T,γδT-Vγ9,1,manual,,CT06EC4153D56BF16B,CTAF5E063E392FC3F6
Vg9 T,γδT-Vγ9,1,manual,,CT2E2911BA653B7BF7,CTAF5E063E392FC3F6
Vg9T,γδT-Vγ9,1,manual,,CT5032F2C26CA3068C,CTAF5E063E392FC3F6
γδT-Vγ9Vδ2,γδT-Vγ9Vδ2,1,manual,,CT4306813DC019C8F5,CT4306813DC019C8F5
T-VGamma9-Delta2,γδT-Vγ9Vδ2,1,manual,,CTAE50A0B36FE5D20E,CT4306813DC019C8F5
T VGamma9 Delta2,γδT-Vγ9Vδ2,1,manual,,CTA1AB7F9E8B5CC591,CT4306813DC019C8F5
TVGamma9Delta2,γδT-Vγ9Vδ2,1,manual,,CT921F705C11FD9BDC,CT4306813DC019C8F5
VGamma9-Delta2-T,γδT-Vγ9Vδ2,1,manual,,CTD4D8D8F5D08C2A92,CT4306813DC019C8F5
VGamma9 Delta2 T,γδT-Vγ9Vδ2,1,manual,,CT2E20B5A1CBEFAF05,CT4306813DC019C8F5
VGamma9Delta2T,γδT-Vγ9Vδ2,1,manual,,CT9CB30E730683B144,CT4306813DC019C8F5
Vγ9Vδ2T,γδT-Vγ9Vδ2,1,manual,,CTDF60D1D081253C3F,CT4306813DC019C8F5
Vg9Vd2T,γδT-Vγ9Vδ2,1,manual,,CT13E087C560B8F3B0,CT4306813DC019C8F5
γδT-Vδ1,γδT-Vδ1,1,manual,,CT8DBEF5A22EA3E036,CT8DBEF5A22EA3E036
VDelta1-T,γδT-Vδ1,1,manual,,CT647AA720C3919E5F,CT8DBEF5A22EA3E036
VDelta1 T,γδT-Vδ1,1,manual,,CT0A865F392A9B10EB,CT8DBEF5A22EA3E036
VDelta1T,γδT-Vδ1,1,manual,,CT9F24D1EF54235DE1,CT8DBEF5A22EA3E036
Vδ1-T,γδT-Vδ1,1,manual,,CTBD0BABE231CED057,CT8DBEF5A22EA3E036
Vδ1 T,γδT-Vδ1,1,manual,,CTC1FA0935557D0A6F,CT8DBEF5A22EA3E036
Vδ1T,γδT-Vδ1,1,manual,,CTED871F8FCF76FC47,CT8DBEF5A22EA3E036
Vd1-T,γδT-Vδ1,1,manual,,CT8DAAF0D9E4D7C5E5,CT8DBEF5A22EA3E036
Vd1 T,γδT-Vδ1,1,manual,,CTEC10E6596F308A5E,CT8DBEF5A22EA3E036
Vd1T,γδT-Vδ1,1,manual,,CTB2E79E1478C18E5F,CT8DBEF5A22EA3E036
γδT-Vδ2,γδT-Vδ2,1,manual,,CTCEE1E5CA30579124,CTCEE1E5CA30579124
VDelta2-T,γδT-Vδ2,1,manual,,CT3851AB33B78E9C50,CTCEE1E5CA30579124
VDelta2 T,γδT-Vδ2,1,manual,,CT4442D89344653858,CTCEE1E5CA30579124
VDelta2T,γδT-Vδ2,1,manual,,CT2349DFBEA9653C58,CTCEE1E5CA30579124
Vδ2-T,γδT-Vδ2,1,manual,,CTC3E95F798A04FEC5,CTCEE1E5CA30579124
Vδ2 T,γδT-Vδ2,1,manual,,CT1B125035FBAC0E7E,CTCEE1E5CA30579124
Vδ2T,γδT-Vδ2,1,manual,,CT21836C8E622D3574,CTCEE1E5CA30579124
Vd2-T,γδT-Vδ2,1,manual,,CT121A7C976CBCF0D2,CTCEE1E5CA30579124
Vd2 T,γδT-Vδ2,1,manual,,CT35958E782DD07E32,CTCEE1E5CA30579124
Vd2T,γδT-Vδ2,1,manual,,CT6849891E52DCDBF2,CTCEE1E5CA30579124
